sample,encoder,method,seed,split_axis,split_side,gene_set,n_train,n_test,top_k,n_genes,pearson_gene_macro,spearman_gene_macro,r2_gene_macro,rmse_log1p,mae_log1p,pearson_cell_macro,sensitivity_gene_macro,specificity_gene_macro,balanced_accuracy_gene_macro,f1_gene_macro,auprc_gene_macro,ridge_pearson_gene_macro,ridge_f1_gene_macro,pearson_difference_bleep_minus_ridge,f1_difference_bleep_minus_ridge
FFHO026,conch,bleep_conch_adapter,0,x,high,top50_hvg,8889,2400,50,50,0.3941486661322415,0.3794059484068557,0.0303955556091386,0.7378695011138916,0.6016148924827576,0.5211990074329864,0.934635796918255,0.1851204502861008,0.5598781236021779,0.7456199987265589,0.7233149575292609,0.4156644161045551,0.7526649714963489,-0.021515749972313647,-0.007044972769789992
FFHO026,conch,bleep_conch_adapter,1,y,high,top50_hvg,9048,2400,50,50,0.3853297731280327,0.3779268371745162,0.1198415936389938,0.7354898452758789,0.5931806564331055,0.5483470308941751,0.9392397098144531,0.1865047031193899,0.5628722064669216,0.7606266877919041,0.7404936514608319,0.4220003944635391,0.7626526409953496,-0.036670621335506415,-0.002025953203445452
FFHO026,conch,bleep_conch_adapter,2,x,low,top50_hvg,8912,2400,50,50,0.3230690446496009,0.321231066063687,0.0331979959644377,0.7570399045944214,0.59786456823349,0.4780427071105019,0.8819521788184201,0.2450808829833786,0.5635165309008993,0.7287150228275641,0.7027887236589819,0.3836042320728302,0.7290421039932795,-0.060535187423229275,-0.0003270811657154482
FFHO026,conch,bleep_conch_adapter,3,y,low,top50_hvg,8936,2400,50,50,0.3739076867699623,0.3446235562201745,0.115389482283499,0.7114488482475281,0.5707475543022156,0.5575865822427999,0.8760032806859057,0.2567220384458578,0.5663626595658818,0.7449235369086012,0.7436133031085375,0.3871787989139557,0.7783554362381006,-0.013271112143993402,-0.033431899329499304
FFMB028,conch,bleep_conch_adapter,0,x,high,top50_hvg,8875,2400,50,50,0.3869490496441722,0.3851790479531511,-0.007633218250703,0.7035808563232422,0.5711861252784729,0.4947054295026671,0.9148058795291304,0.1871479631326632,0.550976921330897,0.7104466444527433,0.7142777193543715,0.4701642961800098,0.7251678216777901,-0.08321524653583762,-0.014721177225046844
FFMB028,conch,bleep_conch_adapter,1,y,high,top50_hvg,8964,2400,50,50,0.3811994940042496,0.3868958650930119,-0.0454217155091464,0.7015814781188965,0.5726854205131531,0.470121763773548,0.9263022175004187,0.1715619171721563,0.5489320673362875,0.7243167879256164,0.7208596687499781,0.4431239891052246,0.7426334486192752,-0.06192449510097503,-0.01831666069365878
FFMB028,conch,bleep_conch_adapter,2,x,low,top50_hvg,9008,2400,50,50,0.3011674267239869,0.325146252544746,-0.1961236993991769,0.8156234622001648,0.664412260055542,0.4838890876471415,0.971443017776974,0.0491450499915573,0.5102940338842658,0.7284412066236737,0.7026345453672163,0.487639847099781,0.7529137075854596,-0.1864724203757941,-0.02447250096178588
FFMB028,conch,bleep_conch_adapter,3,y,low,top50_hvg,8889,2400,50,50,0.375707131922245,0.3480009048280859,-0.0222231575939804,0.7255069613456726,0.558605432510376,0.4481129837280064,0.4948510668223984,0.6710068310955415,0.58292894895897,0.5330055319485317,0.7116135805387145,0.4653734424710273,0.7200468682186165,-0.08966631054878232,-0.1870413362700848
FFMC016,conch,bleep_conch_adapter,0,x,high,top50_hvg,8968,2400,50,50,0.6128268218040467,0.5837747489977564,0.322104866001755,0.7240892648696899,0.5532498955726624,0.7510947059303813,0.8588454275589713,0.476764961574156,0.6678051945665636,0.7544966744006396,0.7931910031523692,0.6215432280302048,0.7490710494507422,-0.008716406226158102,0.005425624949897401
FFMC016,conch,bleep_conch_adapter,1,y,high,top50_hvg,8837,2400,50,50,0.5576235771179199,0.5325183547379794,0.2816298207081854,0.729606568813324,0.5352567434310913,0.6849498587474018,0.7190757311630898,0.623333582853598,0.6712046570083438,0.6993891945936404,0.7564510944250057,0.5896080553531646,0.7283602498967764,-0.03198447823524475,-0.02897105530313604
FFMC016,conch,bleep_conch_adapter,2,x,low,top50_hvg,9133,2400,50,50,0.6045733451843261,0.5912247780069105,0.3463067061360925,0.7061356902122498,0.5472728610038757,0.717147054617429,0.8698697857776739,0.4491464260579166,0.6595081059177953,0.7528465949780138,0.7960472193842559,0.6261083269119263,0.7553807563380776,-0.021534981727600155,-0.0025341613600637913
FFMC016,conch,bleep_conch_adapter,3,y,low,top50_hvg,8719,2400,50,50,0.6075631827116013,0.5825321909658094,0.3230260999058373,0.7042125463485718,0.5486783981323242,0.7244157776002732,0.8712194464338073,0.4315714696807112,0.6513954580572593,0.736013329028335,0.7790059130851893,0.6213186174631119,0.7422454241869305,-0.013755434751510642,-0.006232095158595463
HBCA041,conch,bleep_conch_adapter,0,x,high,top50_hvg,8813,2400,50,50,0.4760549384355545,0.4718004547128524,0.1606488374061882,0.655166506767273,0.5021874308586121,0.5176422182501982,0.7848133967064697,0.5639776760693828,0.6743955363879263,0.7089890748562359,0.7366386377551334,0.5022858363389969,0.7248492025976454,-0.026230897903442407,-0.015860127741409547
HBCA041,conch,bleep_conch_adapter,1,y,high,top50_hvg,8879,2400,50,50,0.4619977959990501,0.4539478584492799,0.1786782745830714,0.6329672336578369,0.4824970662593841,0.5003788944480306,0.7509280869236877,0.5781514818334819,0.6645397843785849,0.6770470804736345,0.6962837533330046,0.4925448521971702,0.6944191095955874,-0.030547056198120093,-0.017372029121952903
HBCA041,conch,bleep_conch_adapter,2,x,low,top50_hvg,8986,2400,50,50,0.4828572177886963,0.4710905022774984,0.2043024988111574,0.640222430229187,0.4893155395984649,0.5123732883187072,0.7560007277046422,0.5995766443091433,0.6777886860068928,0.6814809668036864,0.7209733754626232,0.5277825164794921,0.720508674270237,-0.04492529869079587,-0.0390277074665506
HBCA041,conch,bleep_conch_adapter,3,y,low,top50_hvg,8840,2400,50,50,0.4071231442689895,0.4070558831242302,-0.0270352330291643,0.7109212279319763,0.5146704912185669,0.4600089006259319,0.4823092466345201,0.7965811403904933,0.6394451935125066,0.5487757725076763,0.6985788935257226,0.4547172451019287,0.6916939380733911,-0.04759410083293919,-0.1429181655657148
HBCD036,conch,bleep_conch_adapter,0,x,high,top50_hvg,8983,2400,50,50,0.325954969227314,0.2534607264633589,0.0427409374248236,0.6978808641433716,0.5573803186416626,0.5670808412030484,0.8061134327415361,0.3045557134058267,0.5553345730736815,0.6750792844228484,0.684801449431826,0.3779149055480957,0.7582521015894979,-0.05195993632078172,-0.08317281716664948
HBCD036,conch,bleep_conch_adapter,1,y,high,top50_hvg,9041,2400,50,50,0.3354425373673439,0.2806734494658445,-0.0164778158441185,0.7401607632637024,0.5951293706893921,0.502423677753479,0.9363488671695638,0.2247147026384754,0.5805317849040196,0.7595456972796629,0.70818331470414,0.3657379078865051,0.7690781654269095,-0.030295370519161202,-0.00953246814724662
HBCD036,conch,bleep_conch_adapter,2,x,low,top50_hvg,8853,2400,50,50,0.2774247778952122,0.2098863004429326,-0.0633362293912796,0.7062333822250366,0.5673907995223999,0.606132243854184,0.9337575333796768,0.1900285156126108,0.5618930244961438,0.7869778237876507,0.7312860052042193,0.3211476738750934,0.7764455661177743,-0.043722895979881216,0.010532257669876421
HBCD036,conch,bleep_conch_adapter,3,y,low,top50_hvg,8990,2400,50,50,0.236263221502304,0.169983710011383,-0.0040880766883492,0.6558938026428223,0.5263161063194275,0.6492608811380596,0.8680369223164675,0.2433396005726404,0.555688261444554,0.7518736348691577,0.717769133905943,0.2612025083601474,0.7684175702440541,-0.024939286857843412,-0.0165439353748964
HBCH024,conch,bleep_conch_adapter,0,x,high,top50_hvg,9042,2400,50,50,0.2224202263644155,0.2356730458184119,-0.0331889555975794,0.2971890568733215,0.1166335269808769,0.11785172530251,0.0109227836481427,0.9980692203196896,0.5044960019839161,0.0181080133588787,0.2265634525044257,0.3122084994614124,0.0822959511435843,-0.08978827309699688,-0.0641879377847056
HBCH024,conch,bleep_conch_adapter,1,y,high,top50_hvg,8915,2400,50,50,0.1967354538512881,0.1752338882840984,-0.0158061593282036,0.182679682970047,0.0645634979009628,0.1454065157572625,0.0114329805432394,0.9985658043724271,0.5049993924578333,0.0109130873133392,0.1302665321878762,0.2900961673259735,0.0741642853439656,-0.09336071347468539,-0.0632511980306264
HBCH024,conch,bleep_conch_adapter,2,x,low,top50_hvg,8882,2400,50,50,0.1720416205562651,0.1672764412758375,-0.0293287282311939,0.1670706123113632,0.0410803221166133,0.0812238230468367,0.0030917137459719,0.9994572125976232,0.5012744631717976,0.0051283920468636,0.1156597474754381,0.2601222985982895,0.0698102297703434,-0.08808067804202441,-0.0646818377234798
HBCH024,conch,bleep_conch_adapter,3,y,low,top50_hvg,8978,2400,50,50,0.2684990653395653,0.2125115807485027,0.0483696330920793,0.1977402865886688,0.0702579617500305,0.1267037231699307,0.0405754970124667,0.9958437054450732,0.51820960122877,0.0500996977921624,0.1894486782370041,0.2839750760048627,0.0763600429890916,-0.015476010665297413,-0.026260345196929206
HBES040,conch,bleep_conch_adapter,0,x,high,top50_hvg,8950,2400,50,50,0.393618038315326,0.3891121147075938,0.0702727520652115,0.7040592432022095,0.568780779838562,0.4578341223175851,0.8387606771013238,0.3374329087713557,0.5880967929363399,0.6734691247618088,0.6742284066582583,0.426628885269165,0.6772826034693596,-0.03301084695383899,-0.003813478707550888
HBES040,conch,bleep_conch_adapter,1,y,high,top50_hvg,8989,2400,50,50,0.3890871877968311,0.3904156052919175,0.1233117222785949,0.6633829474449158,0.526755690574646,0.5065554112107115,0.7878808489823962,0.405476640066521,0.5966787445244586,0.6685019482487047,0.6788403717676539,0.4234019264578819,0.6866605541873925,-0.03431473866105078,-0.01815860593868779
HBES040,conch,bleep_conch_adapter,2,x,low,top50_hvg,8932,2400,50,50,0.357910781353712,0.3628072914917162,-0.0074522662721574,0.6885967254638672,0.5643381476402283,0.4638594246107235,0.8878743633753067,0.2438249045825326,0.5658496339789196,0.6699736619507223,0.6544370999529738,0.4085221901535988,0.6774369841846353,-0.05061140879988679,-0.0074633222339129945
HBES040,conch,bleep_conch_adapter,3,y,low,top50_hvg,9057,2400,50,50,0.3823527996987104,0.3756422366382939,-0.0543415673403069,0.6729808449745178,0.5273799896240234,0.4935790535665122,0.8110681379742478,0.4247997883704193,0.6179339631723334,0.6777613699871493,0.6617680445810109,0.4187416967749595,0.6727413480322987,-0.036388897076249094,0.005020021954850629
HCCD035,conch,bleep_conch_adapter,0,x,high,top50_hvg,8995,2400,50,50,0.3800112881697714,0.3671102827599177,0.0954587417282164,0.5519230365753174,0.420966625213623,0.4657398853308414,0.5962988114502245,0.6745107417917076,0.635404776620966,0.5640899347266094,0.6109007042740778,0.4113813163340091,0.5966123606941341,-0.03137002816423767,-0.03252242596752475
HCCD035,conch,bleep_conch_adapter,1,y,high,top50_hvg,8861,2400,50,50,0.3629620027542114,0.3414193748940248,0.0093018292961642,0.5627644062042236,0.4258112609386444,0.5155077648512447,0.5011006442619693,0.7210576795565367,0.6110791619092528,0.4941933799538596,0.6058068060356788,0.3975031529553234,0.6235642975448421,-0.03454115020111198,-0.12937091759098251
HCCD035,conch,bleep_conch_adapter,2,x,low,top50_hvg,8879,2400,50,50,0.4943835186958313,0.4822865656421621,0.1267439248226583,0.5753231644630432,0.4384585618972778,0.5198900780044037,0.8429378312715743,0.5266842488784199,0.684811040074997,0.676606431153821,0.6622150498689142,0.5185870444774627,0.6872752552689088,-0.02420352578163143,-0.010668824115087738
HCCD035,conch,bleep_conch_adapter,3,y,low,top50_hvg,8952,2400,50,50,0.3981903005437925,0.390623988864146,-0.2633141713496297,0.5368025302886963,0.4128173887729645,0.5114333301788463,0.7243847654628344,0.5764036931616304,0.6503942293122325,0.5893563100482241,0.582684597352254,0.3956020828522741,0.5863993932982899,0.002588217691518402,0.0029569167499341464
HCCW027,conch,bleep_conch_adapter,0,x,high,top50_hvg,9001,2400,50,50,0.114981816636864,0.086490508871031,-0.1402409143163822,0.1820622533559799,0.1001975834369659,0.2162146003045866,0.0316044319094563,0.985007023990258,0.5083057279498572,0.0277077056168936,0.0953132187286549,0.1274107765033841,0.0246157309611703,-0.012428959866520081,0.003091974655723303
HCCW027,conch,bleep_conch_adapter,1,y,high,top50_hvg,8950,2400,50,50,0.1568667099368758,0.1480088824773916,-0.0373050554003566,0.1803401261568069,0.0759492442011833,0.221942714952277,0.0188097206882492,0.9966353302749924,0.5077225254816208,0.0230546813753464,0.1136481661926978,0.173891251347959,0.0290602287475186,-0.0170245414110832,-0.006005547372172199
HCCW027,conch,bleep_conch_adapter,2,x,low,top50_hvg,8918,2400,50,50,0.1397120921243913,0.1435707839274893,-0.0469518770370632,0.2355260699987411,0.0871584862470626,0.1505799870880588,0.0064100493337312,0.9986513682904624,0.5025307088120968,0.0094163614163614,0.140380606935928,0.2016140887700021,0.0272245131704282,-0.061901996645610774,-0.017808151754066803
HCCW027,conch,bleep_conch_adapter,3,y,low,top50_hvg,8942,2400,50,50,0.1784865876194089,0.1651079177576577,-0.02099744658306,0.2223534882068634,0.0963692814111709,0.1507483323890791,0.0095072539711085,0.9982344686901424,0.5038708613306255,0.0144322412466462,0.148941698783706,0.2110546032339334,0.0216202230107704,-0.03256801561452452,-0.007187981764124199
HHDX011,conch,bleep_conch_adapter,0,x,high,top50_hvg,8912,2400,50,50,0.212602051878348,0.1835349752080719,0.009463198124431,0.4366485476493835,0.3255638480186462,0.7357791557843796,0.3193935134366943,0.7572248522828683,0.5383091828597812,0.2775793498683098,0.3815894946119489,0.2811482472717762,0.2884742112558487,-0.06854619539342818,-0.010894861387538923
HHDX011,conch,bleep_conch_adapter,1,y,high,top50_hvg,8948,2400,50,50,0.2178572858474217,0.2204476594095595,-0.0178649329883046,0.511151134967804,0.3393518626689911,0.4748478750244298,0.1505706214797077,0.8895255555414636,0.5200480885105857,0.1485153819229011,0.3880770305472655,0.2998006016016006,0.3082241668658037,-0.0819433157541789,-0.15970878494290258
HHDX011,conch,bleep_conch_adapter,2,x,low,top50_hvg,8928,2400,50,50,0.2601563197374343,0.2275279479892643,0.0187981107400264,0.4618290364742279,0.3463554680347442,0.7000943805900169,0.298256543630035,0.7831749040628242,0.5407157238464297,0.252303279846775,0.4262324590518829,0.3127944980561733,0.321515505213057,-0.052638178318739015,-0.06921222536628202
HHDX011,conch,bleep_conch_adapter,3,y,low,top50_hvg,8903,2400,50,50,0.2118550921138376,0.1874259582590451,-0.0327770116762258,0.46774622797966,0.3514778912067413,0.7355974501720326,0.3071114512285051,0.7553670451203108,0.5312392481744079,0.2839579190331378,0.4080654817820239,0.2758506479882635,0.2989181730667938,-0.06399555587442587,-0.014960254033656029
HKPD015,conch,bleep_conch_adapter,0,x,high,top50_hvg,8853,2400,50,50,0.327564992904663,0.2997439424494486,0.0195559753547422,0.5874303579330444,0.4141110479831695,0.3983929255631924,0.521009299038824,0.6878512866775758,0.6044302928581998,0.4224437432487772,0.4588576214658177,0.3447626410424709,0.4311446995972665,-0.017197648137807886,-0.008700956348489275
HKPD015,conch,bleep_conch_adapter,1,y,high,top50_hvg,8900,2400,50,50,0.3412460081279277,0.3137585953522752,0.041182485949248,0.5579490661621094,0.3356209397315979,0.3928920155302688,0.243834294394886,0.9016804116525584,0.5727573530237222,0.2341479739670792,0.4634469107476074,0.4157034417986869,0.4631450277897909,-0.07445743367075919,-0.22899705382271168
HKPD015,conch,bleep_conch_adapter,2,x,low,top50_hvg,8840,2400,50,50,0.3459732042253017,0.3197680906225661,0.0314714535488747,0.5892717838287354,0.4063263237476349,0.4062039302080856,0.5157720996979208,0.6958520945614225,0.6058120971296717,0.4097195687870371,0.4702287843884483,0.4146399168670177,0.4670668833920923,-0.06866671264171598,-0.05734731460505521
HKPD015,conch,bleep_conch_adapter,3,y,low,top50_hvg,9078,2400,50,50,0.3678568690270185,0.3380716711216315,0.0689144441625103,0.6103935241699219,0.3925843834877014,0.4489826784982059,0.2671404420630122,0.8936652820519743,0.5804028620574933,0.3008965302398032,0.5127660380568763,0.4322609169781208,0.4804124713279017,-0.06440404795110233,-0.17951594108809854
HLCD033,conch,bleep_conch_adapter,0,x,high,top50_hvg,8898,2400,50,50,0.3774509903788566,0.3342520467296447,-0.0943585347943008,0.7434334754943848,0.5605778098106384,0.3896175261474483,0.7195431243708765,0.4361186068923105,0.5778308656315936,0.5790193418282363,0.6234519703762972,0.4868450266122818,0.6506298573462536,-0.1093940362334252,-0.07161051551801723
HLCD033,conch,bleep_conch_adapter,1,y,high,top50_hvg,9042,2400,50,50,0.3902745692431926,0.360133293827127,0.0057021502312272,0.673222005367279,0.5342492461204529,0.441444444545561,0.7911417889320994,0.4046044159900872,0.5978731024610933,0.6134264095208932,0.6116614700025336,0.4523389092087745,0.6336315185489227,-0.062064339965581916,-0.020205109028029522
HLCD033,conch,bleep_conch_adapter,2,x,low,top50_hvg,8840,2400,50,50,0.3248524987697601,0.2342780478137036,0.0463928151410073,0.6128340363502502,0.444379448890686,0.4205779311270169,0.4463699222215799,0.6882029062958221,0.567286414258701,0.4340867997543154,0.518397627487461,0.3803216169774532,0.5441695896576647,-0.055469118207693124,-0.1100827899033493
HLCD033,conch,bleep_conch_adapter,3,y,low,top50_hvg,8926,2400,50,50,0.1205688712745905,0.1077730836108487,-1.8560163523443045,0.75177401304245,0.6044468283653259,0.3256116481087092,0.7484745630477676,0.3137022357928347,0.5310883994203013,0.4512990439317127,0.3748494681563065,0.1541241176798939,0.4532607032704759,-0.0335552464053034,-0.0019616593387631887
HLCX022,conch,bleep_conch_adapter,0,x,high,top50_hvg,8488,2400,50,50,0.3552057206630706,0.3578970224495437,0.0782427169848233,0.4658885300159454,0.2863432168960571,0.3538854614077373,0.175094281178584,0.9545244568365104,0.5648093690075472,0.2050817501393774,0.450918803188138,0.3826245594024658,0.3530077977620076,-0.027418838739395213,-0.14792604762263017
HLCX022,conch,bleep_conch_adapter,1,y,high,top50_hvg,8820,2400,50,50,0.2352154862880706,0.2151644461746412,-0.6530000557750464,0.5098354816436768,0.3838402926921844,0.2033656662952516,0.5324776111011367,0.6782812230564085,0.6053794170787726,0.3131254441841362,0.307353971500639,0.2529644223302603,0.2838615518850003,-0.01774893604218969,0.029263892299135896
HLCX022,conch,bleep_conch_adapter,2,x,low,top50_hvg,8494,2400,50,50,0.3001659849286079,0.300908115781947,0.0478546484932303,0.4759491682052612,0.3445258140563965,0.3987767055379557,0.4097957615551318,0.7775850584659821,0.5936904100105569,0.3687240138927412,0.4023230673572739,0.3197122690081596,0.4015737978857507,-0.019546284079551668,-0.03284978399300953
HLCX022,conch,bleep_conch_adapter,3,y,low,top50_hvg,9042,2400,50,50,0.3096169498935341,0.3063208586443968,-0.3848484913865104,0.5348047614097595,0.3950749933719635,0.4403395882374473,0.636745065074482,0.6401935670592426,0.6384693160668623,0.4886507545627234,0.4364147492054813,0.3181201866455376,0.3880736902661526,-0.008503236752003485,0.10057706429657076
HLDX010,conch,bleep_conch_adapter,0,x,high,top50_hvg,8759,2400,50,50,-0.0225167162093566,-0.0250623985403469,-0.0844933123420924,0.6499814987182617,0.4906184673309326,0.574169377667727,0.4156912973521686,0.5837750420193548,0.4997331696857617,0.3593024991556726,0.4580639610028328,-0.017354459662456,0.4298292435418642,-0.005162256546900602,-0.07052674438619161
HLDX010,conch,bleep_conch_adapter,1,y,high,top50_hvg,8943,2400,50,50,0.0035502154601272,-0.0002067239961543,-0.4582202050706837,0.7705997228622437,0.5647193789482117,0.3157428382417884,0.2002926191981737,0.7997636900319857,0.5000281546150797,0.1411367721942825,0.4492338262530351,-0.0009524818911449,0.3644188221236079,0.0045026973512721,-0.22328204992932538
HLDX010,conch,bleep_conch_adapter,2,x,low,top50_hvg,8817,2400,50,50,0.0054052237118594,0.0066110590626178,-0.1903907277341932,0.6765764951705933,0.5328694581985474,0.5427250190914888,0.653232543732781,0.3453327991763955,0.4992826714545881,0.4722638431834853,0.4489599548496013,0.0058219996863044,0.3942955490722685,-0.0004167759744449998,0.07796829411121681
HLDX010,conch,bleep_conch_adapter,3,y,low,top50_hvg,8986,2400,50,50,0.0057966092042624,0.0061792356639951,-0.0825637155771255,0.6724854111671448,0.5180665254592896,0.5252918628497519,0.4067589115627214,0.5958674729408511,0.5013131922517863,0.3463311019628735,0.4647868985343107,0.0033788721729069,0.4116583321926726,0.0024177370313555,-0.06532723022979914
HOCD032,conch,bleep_conch_adapter,0,x,high,top50_hvg,8690,2400,50,50,0.3803481777571141,0.3806229887085479,0.0949256311636418,0.440211147069931,0.2958664000034332,0.3435521837770622,0.2383432793366613,0.9214166811139288,0.5798799802252951,0.2591663869252791,0.4869411007640182,0.4118812544643879,0.456918542833982,-0.03153307670727379,-0.19775215590870288
HOCD032,conch,bleep_conch_adapter,1,y,high,top50_hvg,8963,2400,50,50,0.2464586570230312,0.2282649659866742,-0.0862024840246886,0.5477936267852783,0.3968649208545685,0.4176158531364537,0.217440586240039,0.8923591931142962,0.5548998896771677,0.2398063185970373,0.5331979255630962,0.2972647066414356,0.4968082836652971,-0.0508060496184044,-0.2570019650682598
HOCD032,conch,bleep_conch_adapter,2,x,low,top50_hvg,8858,2400,50,50,0.2097809764370322,0.2121728122640078,-0.3252369123487733,0.4279601573944092,0.3360567092895508,0.2277861070019229,0.3998063143648326,0.7393003793653007,0.5695533468650666,0.2638480934277802,0.3046589480217888,0.2198411913216114,0.2693180279989545,-0.0100602148845792,-0.005469934571174284
HOCD032,conch,bleep_conch_adapter,3,y,low,top50_hvg,8914,2400,50,50,0.3158118253946304,0.2994378277713923,-0.0763031657319515,0.381328821182251,0.2722502052783966,0.2449386491233671,0.339587568613158,0.8454324506974583,0.5925100096553082,0.2952726456718771,0.3692925199033186,0.3205428468436003,0.3341868313211668,-0.004731021448969919,-0.03891418564928967
HOCW023,conch,bleep_conch_adapter,0,x,high,top50_hvg,9002,2400,50,50,0.2026115059514995,0.193507233879507,-0.0219129881553817,0.3199422955513,0.1936822980642318,0.2120333359557148,0.0668778053126147,0.972046714641098,0.5194622599768564,0.0766770948111344,0.253830890929924,0.2400244046747684,0.1184275431178947,-0.03741289872326892,-0.04175044830676031
HOCW023,conch,bleep_conch_adapter,1,y,high,top50_hvg,8977,2400,50,50,0.0764084234228357,0.0650724253188472,-0.0579535058402689,0.2037819772958755,0.0952847078442573,0.2367780845146595,0.0234906230684387,0.9853491960659428,0.5044199095671907,0.0198527957001559,0.0881423523221247,0.1139858138933777,0.0253913477485609,-0.037577390470541996,-0.005538552048404997
HOCW023,conch,bleep_conch_adapter,2,x,low,top50_hvg,8927,2400,50,50,0.0550112710846588,0.0455630847265649,-0.1033667930634692,0.2166239470243454,0.1090753227472305,0.2270463634031368,0.013905307130679,0.991460586895443,0.502682947013061,0.0157773729297036,0.0848563571336171,0.0641450800700113,0.0200872820606302,-0.009133808985352494,-0.0043099091309266
HOCW023,conch,bleep_conch_adapter,3,y,low,top50_hvg,8955,2400,50,50,0.2872755524888635,0.2854388707032276,0.0293405284360051,0.3459885120391845,0.2394583523273468,0.2834280647144463,0.266069085290806,0.8848418120212835,0.5754554486560447,0.2036425435994912,0.3162150211915086,0.3333851943165064,0.1473290529873478,-0.04610964182764288,0.056313490612143385
HPDA034,conch,bleep_conch_adapter,0,x,high,top50_hvg,8925,2400,50,50,0.3733631826628698,0.2586442270283669,0.0309786674007773,0.4125624895095825,0.2712475657463074,0.3072253419131995,0.2814768320595914,0.8911670813841297,0.5863219567218606,0.2854933839062495,0.3861856920865534,0.3434495908021927,0.3405073305526123,0.029913591860677102,-0.05501394664636278
HPDA034,conch,bleep_conch_adapter,1,y,high,top50_hvg,8869,2400,50,50,0.3809001412149518,0.3549637853455406,-0.0855216312187258,0.5126651525497437,0.358908087015152,0.4103593383373282,0.5219517805246009,0.7531825166905868,0.637567148607594,0.4530334615271822,0.4803645098381101,0.3974425084702671,0.4626903696812775,-0.01654236725531527,-0.009656908154095312
HPDA034,conch,bleep_conch_adapter,2,x,low,top50_hvg,8726,2400,50,50,0.3712526047043502,0.3217095822745115,0.0738172175677027,0.471537172794342,0.3105816841125488,0.4713245423532854,0.4621851659035419,0.8042101995205708,0.6331976827120563,0.4241126779366593,0.4672993296359721,0.3903005197271704,0.4782593736520685,-0.019047915022820217,-0.0541466957154092
HPDA034,conch,bleep_conch_adapter,3,y,low,top50_hvg,8998,2400,50,50,0.1863861867040395,0.1391197678778627,-0.2987134862109087,0.4331130385398865,0.2626143097877502,0.4264464162703309,0.1751489805271152,0.9215525320081562,0.5483507562676357,0.1844794451632188,0.3074790360739479,0.1927399224042892,0.260994535623952,-0.006353735700249691,-0.07651509046073318
HPXM007,conch,bleep_conch_adapter,0,x,high,top50_hvg,9046,2400,50,50,0.3918068600445986,0.2966001662071516,0.1397863083612174,0.3848252892494201,0.2270288616418838,0.5201440074874754,0.3028209391857583,0.926548213522148,0.6146845763539531,0.3095179676372102,0.3933504641290426,0.3713019669055938,0.2953851867342209,0.020504893139004776,0.014132780902989306
HPXM007,conch,bleep_conch_adapter,1,y,high,top50_hvg,8995,2400,50,50,0.1558042392879724,0.1382870312751836,-0.8651865463249852,0.4410075545310974,0.2707578539848327,0.5287267658368087,0.2743803648723311,0.8427208510106258,0.5585506079414785,0.2081404566126115,0.2209757439282874,0.1680038559809327,0.1566834441698452,-0.012199616692960297,0.05145701244276629
HPXM007,conch,bleep_conch_adapter,2,x,low,top50_hvg,8981,2400,50,50,0.4018907134234905,0.3265368584111975,0.1626781228580512,0.3933879733085632,0.243653804063797,0.4334570056666457,0.3868745880392868,0.902418329417024,0.6446464587281554,0.3612689479562554,0.4401287319006681,0.4042045640945435,0.3471306358242081,-0.002313850671052997,0.014138312132047304
HPXM007,conch,bleep_conch_adapter,3,y,low,top50_hvg,8996,2400,50,50,0.3300847537070512,0.2861763162481622,-0.5721296696504578,0.4103332757949829,0.2494332939386367,0.3243882792899606,0.2513603110566629,0.9332603976827022,0.5923103543696826,0.2693036977707784,0.3807240246527803,0.3514812041074037,0.299179711209622,-0.021396450400352485,-0.029876013438843607
HSDX009,conch,bleep_conch_adapter,0,x,high,top50_hvg,8799,2400,50,50,0.1116710509429685,0.102058304892133,-0.1246834358340129,0.346879780292511,0.1670950502157211,0.2524152632580168,0.1102378646945691,0.938750669080126,0.5244942668873476,0.081085854508693,0.1602467822256974,0.1388072664756328,0.0959473667444201,-0.027136215532664293,-0.014861512235727098
HSDX009,conch,bleep_conch_adapter,1,y,high,top50_hvg,8765,2400,50,50,0.4434765657410026,0.3341133660986761,0.1677735174633562,0.3955732583999634,0.1977800875902176,0.4369579449091926,0.2691705187097449,0.9583150260579052,0.6137427723838251,0.3196914658509636,0.4512374555071838,0.462565396130085,0.396990006778301,-0.019088830389082434,-0.0772985409273374
HSDX009,conch,bleep_conch_adapter,2,x,low,top50_hvg,8831,2400,50,50,0.3179574346300796,0.2863180419005195,-0.0974555123643949,0.3864225149154663,0.2106653898954391,0.4404611167937183,0.2405374126118054,0.9324244065045488,0.586480909558177,0.2256976053974878,0.3313083876651918,0.3340156172588467,0.2702543493586339,-0.016058182628767126,-0.04455674396114612
HSDX009,conch,bleep_conch_adapter,3,y,low,top50_hvg,8864,2400,50,50,0.301594822332263,0.2789912998724486,-0.9739413234218957,0.3647293746471405,0.203428566455841,0.3566408056800915,0.3189590906355846,0.9037761624073858,0.6113676265214852,0.2704207362947158,0.2917771604030146,0.3500296917557716,0.2978667706215625,-0.04843486942350861,-0.027446034326846724
HSDX009_2,conch,bleep_conch_adapter,0,x,high,top50_hvg,8776,2400,50,50,0.4224739362299442,0.2973144197595854,0.1435173123639833,0.2503347992897033,0.1149302795529365,0.3788431807008864,0.3068928201211123,0.9580188640447154,0.6324558420829138,0.2962682792274619,0.3562333295125159,0.3899505211412906,0.296703315103642,0.03252341508865364,-0.000435035876180101
HSDX009_2,conch,bleep_conch_adapter,1,y,high,top50_hvg,8823,2400,50,50,0.3903620587289333,0.3231213533878821,0.1391523621161468,0.2931042313575744,0.1549865007400512,0.4321296894029371,0.2664465545452462,0.9566704813643976,0.611558517954822,0.2618980984008459,0.3538300037239538,0.3987964797019958,0.30127333925305,-0.008434420973062462,-0.03937524085220412
HSDX009_2,conch,bleep_conch_adapter,2,x,low,top50_hvg,8870,2400,50,50,0.2912313718837686,0.2729767470709983,-0.6532030522380956,0.3338934481143951,0.1754400730133056,0.3829674263497605,0.1201180426506289,0.9618942208160808,0.5410061317333549,0.1353990930231125,0.3029418798279654,0.3370780957327224,0.2529157847252311,-0.04584672384895383,-0.11751669170211856
HSDX009_2,conch,bleep_conch_adapter,3,y,low,top50_hvg,9015,2400,50,50,0.3489493263885379,0.3006789312627614,0.1059190571866929,0.3187781274318695,0.1643258482217788,0.4588453904092325,0.2276970067072315,0.9536156713671528,0.5906563390371922,0.2186315836551566,0.332712598027316,0.3635993753373623,0.2182773067621747,-0.014650048948824435,0.0003542768929819251
HSPD012,conch,bleep_conch_adapter,0,x,high,top50_hvg,8912,2400,50,50,0.3826438646018505,0.2619841593155481,-0.2136078398794052,0.5507637858390808,0.3752233684062958,0.6521022310418387,0.5701055605445104,0.6223834362561607,0.5962444984003356,0.4773065860402634,0.4804561292103754,0.3287652937253005,0.4411784032292003,0.053878570876550014,0.03612818281106306
HSPD012,conch,bleep_conch_adapter,1,y,high,top50_hvg,8892,2400,50,50,0.5536381804943085,0.4189056007557062,0.2613649717159569,0.6081901788711548,0.3992662727832794,0.6066507463708452,0.5926663920636808,0.699856568777918,0.6462614804207993,0.5938190704464206,0.6715120555074653,0.5666258209943771,0.6305779429989676,-0.01298764050006862,-0.03675887255254706
HSPD012,conch,bleep_conch_adapter,2,x,low,top50_hvg,8938,2400,50,50,0.4665135339647531,0.450195738671863,0.173876924761571,0.6521914005279541,0.4503958225250244,0.5727945363734519,0.5622727112711297,0.6987051943770121,0.6304889528240708,0.5563072861782534,0.6750709166846572,0.5051936662569642,0.6431121008105412,-0.03868013229221107,-0.08680481463228773
HSPD012,conch,bleep_conch_adapter,3,y,low,top50_hvg,8892,2400,50,50,0.4319723439216614,0.3497245190044266,0.1365388645417988,0.6032149195671082,0.422954797744751,0.5628051522789125,0.6239973060818862,0.6105026529902373,0.6172499795360618,0.5544564716982269,0.5749796582830161,0.4316054087877273,0.5757908029279507,0.0003669351339340987,-0.021334331229723835
HTDX008,conch,bleep_conch_adapter,0,x,high,top50_hvg,8903,2400,50,50,0.2623659105226397,0.2049654686100708,0.0201231078471755,0.5272621512413025,0.3756186068058014,0.4276720747208067,0.2915486002611905,0.7922808834051749,0.5419147418331827,0.2836873854905777,0.4786588155977168,0.3341027258709073,0.4115306671238736,-0.07173681534826759,-0.1278432816332959
HTDX008,conch,bleep_conch_adapter,1,y,high,top50_hvg,8945,2400,50,50,0.2406678476464003,0.227544856425298,0.0228842922230251,0.5111539959907532,0.3891860544681549,0.4589686718613757,0.3860796567335907,0.7142126128274393,0.5501461347805151,0.3396130337731084,0.4450929906776265,0.2835581210581586,0.3867995650838757,-0.04289027341175827,-0.04718653131076728
HTDX008,conch,bleep_conch_adapter,2,x,low,top50_hvg,8899,2400,50,50,0.2793107990175485,0.2532785164078161,0.0587511781905777,0.4892250299453735,0.3476157486438751,0.4094507680051057,0.299722736134701,0.8409067345611513,0.5703147353479262,0.3042758478727388,0.430232059103105,0.3249166378378868,0.4095003933738412,-0.04560583882033831,-0.10522454550110238
HTDX008,conch,bleep_conch_adapter,3,y,low,top50_hvg,8907,2400,50,50,0.1633134756609797,0.1289020994570765,-0.0107840075046988,0.4813060462474823,0.3552998900413513,0.4181882500295272,0.2670879436834983,0.8008840510756083,0.5339859973795533,0.2673989351192254,0.3821419275984615,0.2328254096210003,0.3879951063650817,-0.06951193396002059,-0.12059617124585631
MBDC037,conch,bleep_conch_adapter,0,x,high,top50_hvg,8772,2400,50,50,-4.20390782828841e-07,,-0.1235442287651676,0.8549302220344543,0.5039500594139099,0.1506514625791023,0.22,0.78,0.5,0.1255934429342863,0.3094416666666666,9.662783957708144e-05,0.21735789658718,-9.704823035991027e-05,-0.09176445365289371
MBDC037,conch,bleep_conch_adapter,1,y,high,top50_hvg,9006,2400,50,50,3.741785197419745e-07,,-0.4398261558830563,1.0185832977294922,0.7711455821990967,0.0635422780373002,0.56,0.44,0.5,0.2680288106750994,0.30535,-1.2568141092929506e-05,0.223624848718225,1.294231961267148e-05,0.04440396195687443
MBDC037,conch,bleep_conch_adapter,2,x,low,top50_hvg,8990,2400,50,50,0.124804260097444,0.080485079188595,-0.3442549010366201,0.9292256236076356,0.5498107671737671,0.2883337405916735,0.3794440059888499,0.7307006028428066,0.5550723044158282,0.3423399172481091,0.3517157082436435,4.771365206579503e-07,0.2563989116732863,0.12480378296092334,0.08594100557482276
MBDC037,conch,bleep_conch_adapter,3,y,low,top50_hvg,9039,2400,50,50,0.1118191444873809,0.1010496825382559,-0.072951210825704,0.7789154648780823,0.5606458187103271,0.0620465182723235,0.3951439692809566,0.635292666869645,0.5152183180753008,0.2322469680163907,0.3373015371852373,0.1201753259263932,0.2617999566426539,-0.008356181439012303,-0.029552988626263182
PCHM006,conch,bleep_conch_adapter,0,x,high,top50_hvg,8799,2400,50,50,0.3190510229766369,0.2945600388185897,-0.0459454062441363,0.6185126304626465,0.4856227934360504,0.4918175183203406,0.6804168521668736,0.4473544523202015,0.5638856522435376,0.6164483995017357,0.6640393762501848,0.3932221201062202,0.6890672483188517,-0.07417109712958331,-0.072618848817116
PCHM006,conch,bleep_conch_adapter,1,y,high,top50_hvg,8996,2400,50,50,0.221833509504795,0.2123732577625694,-0.039067997194943,0.6381753087043762,0.5082416534423828,0.5020525790886392,0.7547486965707162,0.3359557403224967,0.5453522184466064,0.6257591970355921,0.601980501999254,0.3009857949614525,0.6654949056335059,-0.0791522854566575,-0.039735708597913755
PCHM006,conch,bleep_conch_adapter,2,x,low,top50_hvg,8785,2400,50,50,0.2769095408916473,0.2670210041421935,-0.1074148548254743,0.6665417551994324,0.5303573608398438,0.4167918546734167,0.7786597577248487,0.3104697470507599,0.5445647523878043,0.6425406522420422,0.6624393910088894,0.3747405672073364,0.7040000389590775,-0.09783102631568907,-0.061459386717035325
PCHM006,conch,bleep_conch_adapter,3,y,low,top50_hvg,8997,2400,50,50,0.3499198117852211,0.3332229652524974,-0.118767834152095,0.6893877983093262,0.5512110590934753,0.5282674947602208,0.9230323765167308,0.1710627557439558,0.5470475661303433,0.7272176733598334,0.7048075423351797,0.3958983561396599,0.716552679783485,-0.04597854435443882,0.010664993576348425
PDHL031,conch,bleep_conch_adapter,0,x,high,top50_hvg,8957,2400,50,50,0.0928393171541392,0.079882118956396,-0.0761956085520796,0.3130137026309967,0.2272778153419494,0.1054711967934982,0.0488617006934658,0.9663831591040816,0.5076224298987736,0.039458461842417,0.1932788664703747,0.1061372040212154,0.0206948087598563,-0.013297886867076197,0.018763653082560696
PDHL031,conch,bleep_conch_adapter,1,y,high,top50_hvg,8839,2400,50,50,0.133296258309856,0.1300607157821315,-0.0308663439308293,0.3160140514373779,0.1781620234251022,0.1095911142002931,0.0108019170065755,0.9932054192854748,0.5020036681460252,0.0114678314649318,0.2187603095637533,0.149224918410182,0.0176683223025288,-0.01592866010032601,-0.006200490837597002
PDHL031,conch,bleep_conch_adapter,2,x,low,top50_hvg,8945,2400,50,50,0.1431140790414065,0.137176329909551,-0.0111861587967723,0.2870897650718689,0.1765549480915069,0.112116626284345,0.0158130667368686,0.992703372820826,0.5042582197788472,0.0135929917492663,0.1931009210401142,0.1703190076351165,0.0195672744492721,-0.027204928593710015,-0.005974282700005801
PDHL031,conch,bleep_conch_adapter,3,y,low,top50_hvg,8740,2400,50,50,0.1134704995527863,0.1056511629321256,-0.1274658799142344,0.3070144653320312,0.2264480292797088,0.1172726885203578,0.0580995725615174,0.9528965980337104,0.505498085297614,0.0365111461630071,0.1803025768479564,0.136887717731297,0.0353276529175958,-0.023417218178510682,0.0011834932454113031
PDHP030,conch,bleep_conch_adapter,0,x,high,top50_hvg,8489,2400,50,50,0.2121262097358703,0.2109118160558556,-0.1076795241900254,0.303802877664566,0.2108520418405532,0.2418932171896154,0.1757946905285352,0.9160986632542196,0.5459466768913773,0.1297006451288042,0.2168190474757905,0.2248242156207561,0.0801987430545648,-0.012698005884885816,0.04950190207423939
PDHP030,conch,bleep_conch_adapter,1,y,high,top50_hvg,9090,2400,50,50,0.1494189011678099,0.1514786620333463,-0.0276900976040633,0.3126808106899261,0.1551344841718673,0.1956182051971282,0.0106604177561367,0.9966069947378556,0.5036337062469961,0.0177502504608078,0.2027609507159584,0.1977301548421383,0.0631951629666379,-0.0483112536743284,-0.04544491250583009
PDHP030,conch,bleep_conch_adapter,2,x,low,top50_hvg,8769,2400,50,50,0.3088358430564403,0.2940003707310454,0.0192318857973441,0.3081720471382141,0.2091973572969436,0.2347226816969232,0.1984212454838733,0.935489093869247,0.5669551696765602,0.1616456363482743,0.3041627630327541,0.3224866054952144,0.1035878981926811,-0.013650762438774111,0.0580577381555932
PDHP030,conch,bleep_conch_adapter,3,y,low,top50_hvg,8847,2400,50,50,0.2843854856491088,0.2517556087704614,-0.1193394512380473,0.2982247769832611,0.2140202969312667,0.1731751941581352,0.1380914061931981,0.951476857229836,0.5447841317115172,0.1077902756518132,0.2724235868234883,0.3056106631457805,0.0842052387245179,-0.021225177496671688,0.0235850369272953
PDHS029,conch,bleep_conch_adapter,0,x,high,top50_hvg,8893,2400,50,50,0.3247091289982199,0.3320832559542594,-0.1277788523281924,0.5527175664901733,0.4241285920143127,0.4155438818994846,0.6994312487256781,0.5047141560349727,0.6020727023803254,0.5008970791975387,0.4895604242881722,0.3311787980049848,0.451616307697227,-0.006469669006764878,0.04928077150031168
PDHS029,conch,bleep_conch_adapter,1,y,high,top50_hvg,8753,2400,50,50,0.2676394078500417,0.2756982187374641,-0.1019248991054767,0.525585412979126,0.3800492286682129,0.3560250377134598,0.5427456767290191,0.6934375033228357,0.6149634012843238,0.4520566154853519,0.4164631774366303,0.2944165744571661,0.4425580015152319,-0.026777166607124425,0.009498613970120029
PDHS029,conch,bleep_conch_adapter,2,x,low,top50_hvg,8631,2400,50,50,0.3041848632320761,0.2118263094072031,0.0286532283842097,0.3913149535655975,0.2581439912319183,0.2670030197170083,0.2180547569156305,0.8986512598431969,0.5583530083794137,0.2266669016983863,0.3410885843366458,0.3542982579767704,0.3567506005024038,-0.050113394744694284,-0.13008369880401752
PDHS029,conch,bleep_conch_adapter,3,y,low,top50_hvg,8908,2400,50,50,0.0505317488266155,0.0418312533175494,-3.500637048445642,0.5852702856063843,0.462050586938858,0.1368581115459883,0.4919897586164303,0.5507805636858921,0.5213851611511612,0.2556813873584516,0.2228154621835569,0.1552603507973253,0.2236745729309342,-0.10472860197070981,0.03200681442751738
WMPP017,conch,bleep_conch_adapter,0,x,high,top50_hvg,8978,2400,50,50,0.4401428457722068,0.342767996619417,-0.1347905708913458,0.6668523550033569,0.4450714588165283,0.5700798820276793,0.6786116252565242,0.6235047855629215,0.6510582054097229,0.5400991051130596,0.5565547716028224,0.4364404712244868,0.532085273650655,0.0037023745477199888,0.00801383146240453
WMPP017,conch,bleep_conch_adapter,1,y,high,top50_hvg,8846,2400,50,50,0.3776093106344342,0.2878946652650211,-0.3151312527383561,0.6267103552818298,0.4238876700401306,0.5539589986141789,0.649396407794825,0.6057823598667476,0.6275893838307862,0.4845970715203184,0.4689801801260572,0.3623512986302376,0.4739697701028445,0.01525801200419663,0.010627301417473867
WMPP017,conch,bleep_conch_adapter,2,x,low,top50_hvg,8861,2400,50,50,0.2477433073194697,0.1742241196027745,-2.1991690585017203,0.5946951508522034,0.3653334081172943,0.5190955413332268,0.422450360044366,0.7301545457676523,0.5763024529060092,0.3862687800342598,0.3714348537985714,0.255760311994236,0.3916801142168731,-0.008017004674766293,-0.005411334182613303
WMPP017,conch,bleep_conch_adapter,3,y,low,top50_hvg,8812,2400,50,50,0.5573417197912931,0.415584372878427,0.2574608595995232,0.6176795363426208,0.3956135213375091,0.6828659692384907,0.5663006808150244,0.7946919709366235,0.6804963258758241,0.5837881581443717,0.6331467549311898,0.5318932590261102,0.5845924076748366,0.025448460765182923,-0.0008042495304648734
WMPW025,conch,bleep_conch_adapter,0,x,high,top50_hvg,8934,2400,50,50,0.2030651120562106,0.1646716936435159,-0.8370559914922342,0.4759625196456909,0.2903701066970825,0.2934282561366431,0.3076936736150659,0.8606696483139475,0.5841816609645067,0.210276281289848,0.2414026170865341,0.2075833746558055,0.1928168886539796,-0.004518262599594897,0.017459392635868376
WMPW025,conch,bleep_conch_adapter,1,y,high,top50_hvg,8864,2400,50,50,0.258988364264369,0.2236616754933119,-0.0378370749158784,0.4067858159542084,0.2539014220237732,0.3578654553340949,0.2817318849830325,0.9001615093586967,0.5909466971708646,0.2649287481827492,0.3144202816955398,0.2839111971855164,0.2545123242591288,-0.024922832921147386,0.01041642392362041
WMPW025,conch,bleep_conch_adapter,2,x,low,top50_hvg,9015,2400,50,50,0.1964712991856504,0.1599120609158293,-0.107983524010051,0.4784294664859772,0.2989635765552521,0.3508765543067833,0.1537719386583055,0.9025937459087768,0.5281828422835413,0.1652225284853107,0.3573989036690103,0.20420385196805,0.1695566868110041,-0.007732552782399593,-0.004334158325693421
WMPW025,conch,bleep_conch_adapter,3,y,low,top50_hvg,8891,2400,50,50,0.2796091416105628,0.2330366412965919,-0.0326661253464408,0.3969327807426452,0.2454857975244522,0.3721712929753864,0.302992805660065,0.9046467619574544,0.6038197838087598,0.2687124493719423,0.3267053739069944,0.288361571393907,0.2579189636709434,-0.008752429783344229,0.010793485700998862
XTNL005,conch,bleep_conch_adapter,0,x,high,top50_hvg,8989,2400,50,50,0.4403206610679626,0.3666759053216198,0.1115418037399649,0.6704261302947998,0.386832445859909,0.3290990248822459,0.285883526905078,0.939749059633173,0.6128162932691256,0.3704386669239177,0.5570808940212247,0.4975352543592453,0.5475873563565975,-0.0572145932912827,-0.1771486894326798
XTNL005,conch,bleep_conch_adapter,1,y,high,top50_hvg,8935,2400,50,50,0.2018196360766887,0.1286001323964397,-0.0122965050395578,0.4958120882511139,0.3373528718948364,0.2582578609722021,0.2529320934331244,0.8108550276792842,0.5318935605562044,0.2206194507729383,0.2863217143167047,0.1658403342217207,0.2299320831850678,0.035979301854968004,-0.009312632412129512
XTNL005,conch,bleep_conch_adapter,2,x,low,top50_hvg,8879,2400,50,50,0.4397612655162811,0.3567619545785578,0.1732916018180549,0.548742949962616,0.3438578844070434,0.3357936770653303,0.4527301527901751,0.8435404446987453,0.6481352987444602,0.4611526863164955,0.5039870851647934,0.4448723545670509,0.503156801061647,-0.00511108905076979,-0.04200411474515148
XTNL005,conch,bleep_conch_adapter,3,y,low,top50_hvg,8985,2400,50,50,0.3638983752764761,0.3261493675679472,0.0470174681767821,0.6022166609764099,0.3519350588321686,0.353308927026416,0.3629441798001113,0.8682752660859578,0.6156097229430345,0.3777450085223093,0.4672916006120304,0.4511951551772654,0.4950423116546883,-0.08729677990078927,-0.11729730313237902
