sample,encoder,seed,split_axis,split_side,model,gene_set,n_train_cells,n_test_cells,coordinate_units_per_micron,n_genes,pearson_gene_macro,spearman_gene_macro,r2_gene_macro,rmse_log1p,mae_log1p,pearson_cell_macro,sensitivity_gene_macro,specificity_gene_macro,balanced_accuracy_gene_macro,f1_gene_macro,auprc_gene_macro
FFMB028,conch,0,x,high,cell_image,top50_hvg,8875,2400,4.705882,50,0.4701642961800098,0.4572938254549795,0.1939383703283965,0.6233687996864319,0.5025614500045776,0.5277680860512495,0.8409736632978622,0.3917516593075831,0.6163626613027227,0.7251678216777901,0.7512181974934922
FFMB028,conch,0,x,high,cell_image,top200_hvg,8875,2400,4.705882,200,0.343319981645327,0.3289731132161645,0.0880137499113334,0.4696459174156189,0.3647733330726623,0.5113592905147687,0.4564940130216514,0.735824806118539,0.5961594095700952,0.4516899157756143,0.5239070561301428
FFMB028,conch,0,x,high,train_mean,top50_hvg,8875,2400,4.705882,50,5.861168993703813e-07,,-0.0453691889960828,0.7232678532600403,0.6074626445770264,0.4758808205732473,0.96,0.04,0.5,0.6835102115629492,0.554575
FFMB028,conch,0,x,high,train_mean,top200_hvg,8875,2400,4.705882,200,3.938556226349829e-07,,-0.0304171641002801,0.5187506675720215,0.4189079701900482,0.4803038724705754,0.305,0.695,0.5,0.2116251953936657,0.3547958333333333
FFMB028,conch,0,x,high,pseudo_spot_8um,top50_hvg,8875,2400,4.705882,50,0.4700860391557216,0.4574731136132843,0.194335749708116,0.6230984926223755,0.5022473931312561,0.5283644334165212,0.8417012591733402,0.3915978497308934,0.6166495544521168,0.7256131436775692,0.751333126801597
FFMB028,conch,0,x,high,pseudo_spot_8um,top200_hvg,8875,2400,4.705882,200,0.3431219330220483,0.3288737404227834,0.087346954413224,0.4695959091186523,0.3648039996623993,0.5116591433600332,0.4582438881964476,0.7344383243667384,0.5963411062815931,0.4526506444317963,0.523918453284174
FFMB028,conch,0,x,high,pseudo_spot_16um,top50_hvg,8875,2400,4.705882,50,0.4564635571837425,0.4435406972142768,0.1783578571304679,0.6298609375953674,0.5084292888641357,0.5261430521269371,0.8463109116904957,0.3732255748791069,0.6097682432848014,0.7231924160281267,0.7437877810652236
FFMB028,conch,0,x,high,pseudo_spot_16um,top200_hvg,8875,2400,4.705882,200,0.3322186545142904,0.3176443467215699,0.0778669791453285,0.47304567694664,0.3684155344963074,0.5103947710980877,0.4601524690280075,0.724599246386765,0.5923758577073862,0.4497960370274929,0.517051010708568
FFMB028,conch,0,x,high,pseudo_spot_55um,top50_hvg,8875,2400,4.705882,50,0.3328607839345932,0.3202797608429697,0.0832652435795171,0.6727268099784851,0.5465922951698303,0.5184998174478195,0.8393550403407088,0.3080295277576853,0.5736922840491969,0.7032483727557097,0.6855327843779123
FFMB028,conch,0,x,high,pseudo_spot_55um,top200_hvg,8875,2400,4.705882,200,0.232259103860706,0.2206385282340178,0.0191011625243118,0.4954380095005035,0.3869150578975677,0.5016833954313474,0.3865016199883387,0.7192835708632498,0.5528925954257943,0.3708205684577963,0.45931477836899
FFMB028,conch,1,y,high,cell_image,top50_hvg,8964,2400,4.705882,50,0.4431239891052246,0.4430761848907011,0.1718999301083386,0.625953733921051,0.501946210861206,0.5416861213757337,0.8522685913800622,0.4022077468033129,0.6272381690916875,0.7426334486192752,0.7520160490624153
FFMB028,conch,1,y,high,cell_image,top200_hvg,8964,2400,4.705882,200,0.3148390697478316,0.3103583880133486,0.0693371225800365,0.4748578071594238,0.3704170286655426,0.5200519378683071,0.4641482491723903,0.7228077073073078,0.593477978239849,0.4543828513778358,0.5161287373119658
FFMB028,conch,1,y,high,train_mean,top50_hvg,8964,2400,4.705882,50,9.423083130855048e-07,,-0.0202175259511568,0.7136894464492798,0.5993456244468689,0.4862788697043913,0.94,0.06,0.5,0.6947015085541323,0.5735416666666666
FFMB028,conch,1,y,high,train_mean,top200_hvg,8964,2400,4.705882,200,-1.8755096074407617e-07,,-0.0197169334557383,0.5157646536827087,0.4197737574577331,0.4903137719718256,0.285,0.715,0.5,0.2053720429735011,0.366925
FFMB028,conch,1,y,high,pseudo_spot_8um,top50_hvg,8964,2400,4.705882,50,0.4430770376324653,0.4428623291872672,0.1707941889902576,0.6261346340179443,0.5021584630012512,0.5417309541276588,0.8545479845679458,0.3987577176970104,0.6266528511324784,0.7429869439067744,0.7517727769796193
FFMB028,conch,1,y,high,pseudo_spot_8um,top200_hvg,8964,2400,4.705882,200,0.3148566036741249,0.3101762502392696,0.0684314465138595,0.4749900698661804,0.3708680272102356,0.5202785806838823,0.4677960947955189,0.7195860041554881,0.5936910494755036,0.4564266145865677,0.516004986495485
FFMB028,conch,1,y,high,pseudo_spot_16um,top50_hvg,8964,2400,4.705882,50,0.4383095484972,0.4385297384866568,0.1653360197227448,0.6280672550201416,0.5041233897209167,0.5407983810896858,0.8597529778020393,0.3906067507956263,0.6251798642988329,0.7435910208279082,0.7497446454395118
FFMB028,conch,1,y,high,pseudo_spot_16um,top200_hvg,8964,2400,4.705882,200,0.3104018351482227,0.3062633971199934,0.0638139332371065,0.4761111140251159,0.3723379373550415,0.5195710399346956,0.4710484745930696,0.7147155455634464,0.5928820100782581,0.4569003124708649,0.5133905842972073
FFMB028,conch,1,y,high,pseudo_spot_55um,top50_hvg,8964,2400,4.705882,50,0.3613600167632103,0.3577601185990983,0.1031999338790774,0.654608964920044,0.5291743278503418,0.5324726911480615,0.8745838553274399,0.330799166365547,0.6026915108464934,0.7365457726486717,0.712951196993023
FFMB028,conch,1,y,high,pseudo_spot_55um,top200_hvg,8964,2400,4.705882,200,0.2436051709204912,0.2392428208128426,0.0242516724695451,0.4900608658790588,0.3865312039852142,0.5131351738267993,0.4337418688565055,0.6995810154252246,0.566661442140865,0.4091751574469047,0.4742626114653386
FFMB028,conch,2,x,low,cell_image,top50_hvg,9008,2400,4.705882,50,0.487639847099781,0.4892331608865818,0.2252381458878517,0.6319064497947693,0.508664071559906,0.5494386240431942,0.8759263441169497,0.3575544023552869,0.6167403732361183,0.7529137075854596,0.7791161386066762
FFMB028,conch,2,x,low,cell_image,top200_hvg,9008,2400,4.705882,200,0.354141441937536,0.35385822185561,0.1187168665521312,0.4860239028930664,0.3815265893936157,0.5266546970410846,0.5079760186040096,0.7000195246472842,0.6039977716256469,0.4877432719139143,0.5539961251913108
FFMB028,conch,2,x,low,train_mean,top50_hvg,9008,2400,4.705882,50,8.004085506030378e-07,,-0.0459173667475397,0.7611768245697021,0.6329820156097412,0.4731012359451378,0.94,0.06,0.5,0.7035273790966324,0.5856583333333333
FFMB028,conch,2,x,low,train_mean,top200_hvg,9008,2400,4.705882,200,4.220784665642796e-07,,-0.0277933323585295,0.5492356419563293,0.4380355179309845,0.4867873476234127,0.275,0.725,0.5,0.2017539567478403,0.384225
FFMB028,conch,2,x,low,pseudo_spot_8um,top50_hvg,9008,2400,4.705882,50,0.4856029525399208,0.4869532513493876,0.2220660829544067,0.6331352591514587,0.5098778009414673,0.549746890312636,0.8781511710801098,0.3496096083241217,0.6138803897021159,0.7521961280849151,0.7780798619516232
FFMB028,conch,2,x,low,pseudo_spot_8um,top200_hvg,9008,2400,4.705882,200,0.3525497149862349,0.3520560896215097,0.116763814544538,0.4866351783275604,0.3825304508209228,0.5267916909195826,0.5118290662725691,0.6947539270029168,0.603291496637743,0.4888982209268552,0.55277165376185
FFMB028,conch,2,x,low,pseudo_spot_16um,top50_hvg,9008,2400,4.705882,50,0.4774518492817878,0.4790929499627079,0.2121607315540313,0.6375522613525391,0.5141170620918274,0.5483127075335842,0.8811781687579721,0.3370191026106958,0.609098635684334,0.7509150800618624,0.7748119018025509
FFMB028,conch,2,x,low,pseudo_spot_16um,top200_hvg,9008,2400,4.705882,200,0.3455144518986344,0.345285547850402,0.1100193451596715,0.488982230424881,0.3852519392967224,0.5256945920742737,0.516684769334449,0.6859746669363102,0.6013297181353796,0.4892501452296962,0.5484849194966839
FFMB028,conch,2,x,low,pseudo_spot_55um,top50_hvg,9008,2400,4.705882,50,0.380792850703001,0.3807226158861648,0.133498852904886,0.6760346293449402,0.549048125743866,0.5379774920639954,0.8855421816755568,0.2818529980236106,0.5836975898495836,0.7398198012984587,0.7353966959880108
FFMB028,conch,2,x,low,pseudo_spot_55um,top200_hvg,9008,2400,4.705882,200,0.2634768027439713,0.2638931668722568,0.0584295646914142,0.5095585584640503,0.4032066464424133,0.5165086369313827,0.4645816117886728,0.6752349225117166,0.5699082671501947,0.4329414663516152,0.5039478413963275
FFMB028,conch,3,y,low,cell_image,top50_hvg,8889,2400,4.705882,50,0.4653734424710273,0.4621638910985077,0.1867936764913611,0.6331378221511841,0.5060390830039978,0.5025283075054957,0.8132773022490796,0.4408902811225842,0.627083791685832,0.7200468682186165,0.7530974400044051
FFMB028,conch,3,y,low,cell_image,top200_hvg,8889,2400,4.705882,200,0.3406557413563132,0.3336345207765028,0.1059419709077337,0.4859474301338196,0.3752982318401336,0.4787762299846264,0.4351086869305792,0.758400170855735,0.596754428893157,0.4461429747046772,0.5424392921794082
FFMB028,conch,3,y,low,train_mean,top50_hvg,8889,2400,4.705882,50,-7.367816273529115e-08,,-0.0404410034282955,0.7302535176277161,0.6123189926147461,0.4510456615284081,0.92,0.08,0.5,0.6640888850308684,0.5499166666666667
FFMB028,conch,3,y,low,train_mean,top200_hvg,8889,2400,4.705882,200,3.490074852052771e-07,,-0.0195013548150927,0.5339303016662598,0.4307046234607696,0.4474640435566182,0.29,0.71,0.5,0.2039414568032305,0.3687291666666666
FFMB028,conch,3,y,low,pseudo_spot_8um,top50_hvg,8889,2400,4.705882,50,0.464564990401268,0.4616495080355859,0.1855924006737768,0.6334813833236694,0.5064600110054016,0.5029145908674947,0.8150419167010661,0.4393297838440741,0.62718585027257,0.7205968631084844,0.7527797114731549
FFMB028,conch,3,y,low,pseudo_spot_8um,top200_hvg,8889,2400,4.705882,200,0.3401777927204966,0.3332955154973348,0.1054292263067327,0.486075609922409,0.3757553994655609,0.4789019991824173,0.4385651956848534,0.7559242633744381,0.5972447295296458,0.4484254274635024,0.5420825340263985
FFMB028,conch,3,y,low,pseudo_spot_16um,top50_hvg,8889,2400,4.705882,50,0.4562971532344818,0.4531240515205579,0.1774436218230403,0.6369710564613342,0.5099523663520813,0.5015041535725869,0.8174688808211517,0.4297454964559519,0.6236071886385518,0.7196217683891248,0.7492650925927649
FFMB028,conch,3,y,low,pseudo_spot_16um,top200_hvg,8889,2400,4.705882,200,0.3334562142938375,0.3262239639474734,0.1003246388638945,0.4878606498241424,0.3777087330818176,0.4778585273037828,0.4381765337015113,0.7515895419503513,0.5948830378259313,0.4460471762414477,0.5380573266160336
FFMB028,conch,3,y,low,pseudo_spot_55um,top50_hvg,8889,2400,4.705882,50,0.3447239862382412,0.3461864683451158,0.081407739133574,0.678182065486908,0.5481640100479126,0.4852551088074903,0.8231828789611099,0.3555177958808193,0.5893503374209645,0.702394342300138,0.6973553257444428
FFMB028,conch,3,y,low,pseudo_spot_55um,top200_hvg,8889,2400,4.705882,200,0.240504641700536,0.2376218049406744,0.0386513986144564,0.5095371603965759,0.3985951840877533,0.4642997546065536,0.3916036566451869,0.7304971920431872,0.5610504243441871,0.3846249201460485,0.48407829698448
HLCX022,conch,0,x,high,cell_image,top50_hvg,8488,2400,4.705882,50,0.3826245594024658,0.3663659190610827,0.1546447081732913,0.4379621744155884,0.2993293702602386,0.3921609539646967,0.3293550699788048,0.9011990905572752,0.61527708026804,0.3530077977620076,0.4787021425077107
HLCX022,conch,0,x,high,cell_image,top200_hvg,8488,2400,4.705882,200,0.2340511227585375,0.2195702922584282,0.0542575212869996,0.3163368701934814,0.1711944043636322,0.406440542444792,0.0874290462090448,0.9747917453441384,0.5311103957765915,0.0961314480148906,0.2573131109856013
HLCX022,conch,0,x,high,train_mean,top50_hvg,8488,2400,4.705882,50,2.047821953189671e-07,,-0.02945630660397,0.5090382695198059,0.3890607357025146,0.1754530504954281,0.18,0.82,0.5,0.0959404158605177,0.2391666666666666
HLCX022,conch,0,x,high,train_mean,top200_hvg,8488,2400,4.705882,200,8.299807680385999e-08,,-0.0154950209990113,0.3468276560306549,0.1969341486692428,0.2503863974379921,0.045,0.955,0.5,0.0239851039651294,0.12676875
HLCX022,conch,0,x,high,pseudo_spot_8um,top50_hvg,8488,2400,4.705882,50,0.3826834793388843,0.3665106606911099,0.1548610654938966,0.4377807676792145,0.2997159957885742,0.3920024625539222,0.3317968973145159,0.9001340111899294,0.6159654542522226,0.3550443675351609,0.4786928048687293
HLCX022,conch,0,x,high,pseudo_spot_8um,top200_hvg,8488,2400,4.705882,200,0.2336712503014132,0.2192937932020859,0.0540639830362488,0.3163178563117981,0.1714109629392624,0.4059989155014733,0.0880295361295554,0.9745489128278028,0.5312892244786792,0.0966304695368924,0.2565777883489227
HLCX022,conch,0,x,high,pseudo_spot_16um,top50_hvg,8488,2400,4.705882,50,0.3817784616351127,0.365839919051292,0.153885659254156,0.4383865296840668,0.3008879423141479,0.3903860118616575,0.3340699013803636,0.8964740638073622,0.6152719825938628,0.3566594002559658,0.47695935108333
HLCX022,conch,0,x,high,pseudo_spot_16um,top200_hvg,8488,2400,4.705882,200,0.2319478069478646,0.2181073438773976,0.0528961027116747,0.3166332542896271,0.1720602661371231,0.4039802278834346,0.0882789177049312,0.9736548091572256,0.5309668634310784,0.0966410504913677,0.2550073510922638
HLCX022,conch,0,x,high,pseudo_spot_55um,top50_hvg,8488,2400,4.705882,50,0.3335628241300583,0.3272823449231279,0.1110123918391764,0.4556066989898681,0.3108167946338653,0.3588876644622082,0.2854213287210296,0.8981760560750994,0.5917986923980646,0.3047728943299225,0.4386956279445426
HLCX022,conch,0,x,high,pseudo_spot_55um,top200_hvg,8488,2400,4.705882,200,0.2020323939900845,0.1914509469982897,0.0337711211626083,0.3234237134456634,0.1756755411624908,0.3857302987194185,0.0772887503273037,0.9738780292637936,0.5255833897955489,0.0854166526191556,0.2338905360930031
HLCX022,conch,1,y,high,cell_image,top50_hvg,8820,2400,4.705882,50,0.2529644223302603,0.2340171847021664,-0.1198977225989801,0.4164268374443054,0.3059496283531189,0.2299343469242939,0.3375087953896086,0.8394252421984999,0.5884670187940543,0.2838615518850003,0.3194845275441768
HLCX022,conch,1,y,high,cell_image,top200_hvg,8820,2400,4.705882,200,0.1456172809237614,0.1346794114091266,-0.1165797997718618,0.2952900528907776,0.169486716389656,0.270772736641043,0.0884416818397938,0.959209886673478,0.5238257842566358,0.0775865712464898,0.1687735099909626
HLCX022,conch,1,y,high,train_mean,top50_hvg,8820,2400,4.705882,50,3.962644985477937e-07,,-0.3001386970840394,0.4624022841453552,0.3688408434391022,0.0859744877850605,0.2,0.8,0.5,0.0818030933441532,0.1705333333333333
HLCX022,conch,1,y,high,train_mean,top200_hvg,8820,2400,4.705882,200,1.4681872034127966e-07,,-0.1223815249623339,0.3135552704334259,0.1834706962108612,0.1642518822946166,0.05,0.95,0.5,0.0204507733360383,0.0924687499999999
HLCX022,conch,1,y,high,pseudo_spot_8um,top50_hvg,8820,2400,4.705882,50,0.2531705571711063,0.2338912369051647,-0.124161880116444,0.4172409474849701,0.3073916137218475,0.2291388090902706,0.3429062416067962,0.8366307813747254,0.5897685114907608,0.2861355670166379,0.321005919959384
HLCX022,conch,1,y,high,pseudo_spot_8um,top200_hvg,8820,2400,4.705882,200,0.1457600155961699,0.1344801831166704,-0.1174942033761181,0.2955241203308105,0.1700425297021865,0.2712181135670907,0.0899848327685138,0.9584932735679392,0.5242390531682265,0.0784255966111416,0.1692254580389366
HLCX022,conch,1,y,high,pseudo_spot_16um,top50_hvg,8820,2400,4.705882,50,0.2517299853265285,0.2311203635799888,-0.1303630530554801,0.4193075299263,0.3093667030334472,0.2302160106861354,0.3445441218863515,0.8314836339608065,0.588013877923579,0.2863130931605689,0.3188677221932725
HLCX022,conch,1,y,high,pseudo_spot_16um,top200_hvg,8820,2400,4.705882,200,0.1447249491279944,0.1330255883016016,-0.1114348735701787,0.296114057302475,0.1704432517290115,0.2720534589233715,0.0903015806334163,0.9572226074415034,0.5237620940374599,0.0784816685265763,0.1681397659120298
HLCX022,conch,1,y,high,pseudo_spot_55um,top50_hvg,8820,2400,4.705882,50,0.2191565464064478,0.2051309932523929,-0.1578904613479972,0.4215198755264282,0.3086822628974914,0.2080617576546322,0.29940366855337,0.8401046373257921,0.569754152939581,0.2459921111031652,0.2933320527314005
HLCX022,conch,1,y,high,pseudo_spot_55um,top200_hvg,8820,2400,4.705882,200,0.118605472024933,0.1118809258503877,-0.156315276796231,0.2982942759990692,0.171008825302124,0.259576375166473,0.0802240253278743,0.958935535703749,0.5195797805158117,0.0699894411431974,0.1525880390490931
HLCX022,conch,2,x,low,cell_image,top50_hvg,8494,2400,4.705882,50,0.3197122690081596,0.3177046942171323,0.0785385027434676,0.4680244326591491,0.3376320600509643,0.4212882541194858,0.4308596222446381,0.7899070235923666,0.6103833229185024,0.4015737978857507,0.4134096245581168
HLCX022,conch,2,x,low,cell_image,top200_hvg,8494,2400,4.705882,200,0.1815043542347848,0.1737590672820862,0.0017905521577995,0.3082018196582794,0.1779822409152984,0.4193171992960464,0.1117472265300467,0.946295837674816,0.5290215321024313,0.1070373105612985,0.2045383278111099
HLCX022,conch,2,x,low,train_mean,top50_hvg,8494,2400,4.705882,50,-3.012377425992696e-07,,-0.0120239233597385,0.5112520456314087,0.3863558173179626,0.3073840946565344,0.18,0.82,0.5,0.1123380978344848,0.257575
HLCX022,conch,2,x,low,train_mean,top200_hvg,8494,2400,4.705882,200,-1.8943958251712786e-07,,-0.0089336420155314,0.3252541422843933,0.1897662580013275,0.3533389310412174,0.045,0.955,0.5,0.0280845244586212,0.1235687499999999
HLCX022,conch,2,x,low,pseudo_spot_8um,top50_hvg,8494,2400,4.705882,50,0.3208473858237266,0.3187535948979171,0.078755242768675,0.4679495096206665,0.3378965258598327,0.4212696025534496,0.4331147200084643,0.7889210959669286,0.6110179079876964,0.4030569128708648,0.4142487479027746
HLCX022,conch,2,x,low,pseudo_spot_8um,top200_hvg,8494,2400,4.705882,200,0.182271623397246,0.1745845525206964,0.0015647887135128,0.308167964220047,0.1781662106513977,0.4194328075742545,0.1123570510482116,0.9460057750495916,0.5291814130489016,0.1075166086244558,0.2048508508524426
HLCX022,conch,2,x,low,pseudo_spot_16um,top50_hvg,8494,2400,4.705882,50,0.3183752298355102,0.3161130729947482,0.0776231916621327,0.4687572121620178,0.3381433486938476,0.4202021894803366,0.4284006174241057,0.7896073985291341,0.6090040079766199,0.399455952547425,0.4128070756110352
HLCX022,conch,2,x,low,pseudo_spot_16um,top200_hvg,8494,2400,4.705882,200,0.1805842255428433,0.1732820101127176,0.0019395627916674,0.3084934055805206,0.1781699508428573,0.4184962680885607,0.1115168531850698,0.9461504180628963,0.528833635623983,0.1070851869569106,0.2039587768636341
HLCX022,conch,2,x,low,pseudo_spot_55um,top50_hvg,8494,2400,4.705882,50,0.2546098230779171,0.2555994459046333,0.0397244460741058,0.4858454167842865,0.3503145277500152,0.3852032885441158,0.3515914053170882,0.7967957516969432,0.5741935785070157,0.3346397196674942,0.3739932651393572
HLCX022,conch,2,x,low,pseudo_spot_55um,top200_hvg,8494,2400,4.705882,200,0.1391769018344348,0.1345574100019085,-0.0170721298056014,0.3161389231681824,0.1801308691501617,0.3946041304609066,0.0914556984759973,0.9481130169978482,0.5197843577369228,0.0893462303682111,0.1808635709753919
HLCX022,conch,3,y,low,cell_image,top50_hvg,9042,2400,4.705882,50,0.3181201866455376,0.3182082589869609,0.0170880040538031,0.4698896408081054,0.3473093509674072,0.4487422389114222,0.4109120769180093,0.7858245987138036,0.5983683378159064,0.3880736902661526,0.4467614675833694
HLCX022,conch,3,y,low,cell_image,top200_hvg,9042,2400,4.705882,200,0.1862500441842712,0.1803485770446496,-0.0005700090632308,0.3133075535297394,0.1849772185087204,0.4580632895705713,0.1049146945605062,0.9458735961794994,0.5253941453700027,0.1007147185672767,0.2234630353560789
HLCX022,conch,3,y,low,train_mean,top50_hvg,9042,2400,4.705882,50,-5.145091445513117e-07,,-0.0545972962623909,0.519116997718811,0.3904246091842651,0.3397973861117642,0.18,0.82,0.5,0.1217995052893817,0.2923
HLCX022,conch,3,y,low,train_mean,top200_hvg,9042,2400,4.705882,200,-9.863670645066102e-08,,-0.0247348136712298,0.3339319229125976,0.1930978298187255,0.3905715985998754,0.045,0.955,0.5,0.0304498763223454,0.1383062499999999
HLCX022,conch,3,y,low,pseudo_spot_8um,top50_hvg,9042,2400,4.705882,50,0.318697469253093,0.318633138868624,0.0176299626188119,0.469641774892807,0.347323477268219,0.4487129912841188,0.4120868005328003,0.7845045883460248,0.5982956944394126,0.388288526751369,0.4473792056243602
HLCX022,conch,3,y,low,pseudo_spot_8um,top200_hvg,9042,2400,4.705882,200,0.1868034500323119,0.1805604851098403,-0.000223998516958,0.3131940066814422,0.1850433647632599,0.4581786236106802,0.1052819623371519,0.9454963520612792,0.5253891571992155,0.1008561619286477,0.2240764846335906
HLCX022,conch,3,y,low,pseudo_spot_16um,top50_hvg,9042,2400,4.705882,50,0.3164276867732405,0.3158934776547887,0.0155816059187054,0.4705704748630523,0.3474788963794708,0.4466892390851221,0.409681475754853,0.7845913145222363,0.5971363951385447,0.3867008244792723,0.4468738205995772
HLCX022,conch,3,y,low,pseudo_spot_16um,top200_hvg,9042,2400,4.705882,200,0.184347809148021,0.1779929410682845,-0.0007635897706313,0.3136097490787506,0.1847627609968185,0.4567728241043583,0.1044854750487798,0.9455325841499804,0.5250090295993801,0.1001499668225177,0.2228240921039398
HLCX022,conch,3,y,low,pseudo_spot_55um,top50_hvg,9042,2400,4.705882,50,0.2374428937770426,0.2366539098498299,-0.031606623546686,0.491500586271286,0.3678281009197235,0.3918111682386105,0.3427602986111158,0.7741231332025669,0.5584417159068412,0.31956280766017,0.4062744545196591
HLCX022,conch,3,y,low,pseudo_spot_55um,top200_hvg,9042,2400,4.705882,200,0.132572701802128,0.1278676587981272,-0.0238453488807135,0.3228809833526611,0.1906140297651291,0.4200526607331811,0.0866169584144078,0.943092711804404,0.514854835109406,0.081477056762435,0.1970113702514389
FFHO026,conch,0,x,high,cell_image,top50_hvg,8889,2400,4.705882,50,0.4156644161045551,0.4075764270512259,0.1462914052134147,0.6924837827682495,0.5516670942306519,0.5476321136731209,0.8978015683721818,0.3154393566721593,0.6066204625221705,0.7526649714963489,0.7349368862728031
FFHO026,conch,0,x,high,cell_image,top200_hvg,8889,2400,4.705882,200,0.2944859043043106,0.2910046088035199,0.0657283797734999,0.5159146189689636,0.3965668976306915,0.5457201751457514,0.4733709545118196,0.6787090284397695,0.5760399914757945,0.4255016338602476,0.500442403612074
FFHO026,conch,0,x,high,train_mean,top50_hvg,8889,2400,4.705882,50,4.2285439462830253e-07,,-0.0524416950315935,0.7888811230659485,0.6538142561912537,0.4857222939904416,0.96,0.04,0.5,0.7102618667955352,0.5909166666666666
FFHO026,conch,0,x,high,train_mean,top200_hvg,8889,2400,4.705882,200,-6.762936523241336e-07,,-0.0310873604948687,0.5611231923103333,0.4421697556972503,0.5175752993672113,0.365,0.635,0.5,0.2588394167299814,0.37959375
FFHO026,conch,0,x,high,pseudo_spot_8um,top50_hvg,8889,2400,4.705882,50,0.4154822228848934,0.4073444304284361,0.1458711169830348,0.6926320791244507,0.5518022775650024,0.5478816048673645,0.8983058249120183,0.3146087912889717,0.606457308100495,0.7527637615163311,0.7347890506342567
FFHO026,conch,0,x,high,pseudo_spot_8um,top200_hvg,8889,2400,4.705882,200,0.2943541063927114,0.2908269199690743,0.0655454177881983,0.5159705877304077,0.3967081904411316,0.5458781186432338,0.4750674076751293,0.6773612434931751,0.5762143255841522,0.4266896285027425,0.5003786898815897
FFHO026,conch,0,x,high,pseudo_spot_16um,top50_hvg,8889,2400,4.705882,50,0.4151453131437301,0.4069025311108754,0.1455688359239138,0.6927084922790527,0.5519267320632935,0.5480876887995463,0.8978542422477125,0.3154973543740691,0.6066757983108908,0.7527539056043931,0.7345865745083657
FFHO026,conch,0,x,high,pseudo_spot_16um,top200_hvg,8889,2400,4.705882,200,0.2941077595390379,0.2905299766705795,0.0653994436429638,0.5159932374954224,0.3967336118221283,0.5460354678463627,0.4748626441239602,0.6778784736329264,0.5763705588784434,0.4268436604418933,0.5001310691392089
FFHO026,conch,0,x,high,pseudo_spot_55um,top50_hvg,8889,2400,4.705882,50,0.4091789093613625,0.4003867652231488,0.1442138312524184,0.6941477060317993,0.5528160929679871,0.5449323488556072,0.8956171076485294,0.3176029953958293,0.6066100515221794,0.7520333468089528,0.7323166245529211
FFHO026,conch,0,x,high,pseudo_spot_55um,top200_hvg,8889,2400,4.705882,200,0.2866699998546391,0.2826715398646959,0.0626309922349173,0.5171082615852356,0.397188663482666,0.5435590333970891,0.4706337825965871,0.6783904468031896,0.5745121146998884,0.422895161393485,0.495443731613596
FFHO026,conch,1,y,high,cell_image,top50_hvg,9048,2400,4.705882,50,0.4220003944635391,0.4171065480429289,0.1868228966742754,0.7054345011711121,0.558368980884552,0.567282031843748,0.8891732077817509,0.3183032308820382,0.6037382193318946,0.7626526409953496,0.7604828442899282
FFHO026,conch,1,y,high,cell_image,top200_hvg,9048,2400,4.705882,200,0.2986750010028481,0.2914256180566348,0.0973123048245906,0.5232744216918945,0.3980746567249298,0.5674795237768562,0.441322980543266,0.6991893106340197,0.5702561455886429,0.4145430496095026,0.5181179986227737
FFHO026,conch,1,y,high,train_mean,top50_hvg,9048,2400,4.705882,50,-7.855905026588061e-07,,-0.0071252727815408,0.798557698726654,0.651563823223114,0.4777951346246027,0.96,0.04,0.5,0.7222672923254275,0.6054
FFHO026,conch,1,y,high,train_mean,top200_hvg,9048,2400,4.705882,200,-2.659892601997171e-07,,-0.0046680182155421,0.567165732383728,0.4419833719730377,0.5208570160542981,0.355,0.645,0.5,0.2573606887617407,0.3853166666666666
FFHO026,conch,1,y,high,pseudo_spot_8um,top50_hvg,9048,2400,4.705882,50,0.4220156887173653,0.4170948275410804,0.1868634387664497,0.7054073810577393,0.5583600401878357,0.5673251349007061,0.8889047698763453,0.3184221721756536,0.6036634710259995,0.7625128780913696,0.7605140429694905
FFHO026,conch,1,y,high,pseudo_spot_8um,top200_hvg,9048,2400,4.705882,200,0.2986713712289929,0.2914204135552665,0.0973388170113321,0.5232574939727783,0.3980815708637237,0.5675065812721448,0.4417025695609506,0.6991212678564832,0.5704119187087169,0.4150626195174183,0.518188687238823
FFHO026,conch,1,y,high,pseudo_spot_16um,top50_hvg,9048,2400,4.705882,50,0.4229988315701484,0.4183234907942265,0.1876875816844403,0.7049949765205383,0.5580077767372131,0.5679709447661626,0.8886638259871303,0.3198301080530046,0.6042469670200675,0.7628122291622121,0.7609822150563123
FFHO026,conch,1,y,high,pseudo_spot_16um,top200_hvg,9048,2400,4.705882,200,0.2993279640749097,0.2922773091277053,0.0978178736879999,0.5230593681335449,0.397905558347702,0.5679299407575313,0.4414354132587446,0.7001297214358072,0.5707825673472761,0.4149719461330512,0.518502589410474
FFHO026,conch,1,y,high,pseudo_spot_55um,top50_hvg,9048,2400,4.705882,50,0.4201402494311332,0.4163462190663917,0.1857989251986146,0.7058268785476685,0.5591149926185608,0.5667649287529299,0.8938570299932235,0.3109138500031906,0.602385439998207,0.7637612556276164,0.7590478548540905
FFHO026,conch,1,y,high,pseudo_spot_55um,top200_hvg,9048,2400,4.705882,200,0.2943196019530296,0.2885757267376225,0.0953386622067773,0.5237579941749573,0.3993823528289795,0.5671509803217376,0.4414824021662542,0.6957566303688876,0.5686195162675709,0.4113690517238403,0.5150789570898933
FFHO026,conch,2,x,low,cell_image,top50_hvg,8912,2400,4.705882,50,0.3836042320728302,0.3743834792207165,0.1221698589541483,0.7164745926856995,0.555681049823761,0.5405296778727682,0.8050042158706572,0.4110155095554379,0.6080098627130475,0.7290421039932795,0.73014915311298
FFHO026,conch,2,x,low,cell_image,top200_hvg,8912,2400,4.705882,200,0.2587643740698695,0.2504494395801871,0.0515724336513812,0.5166918635368347,0.3796661794185638,0.5504126065123455,0.3617301532995926,0.7571626241513268,0.5594463887254598,0.3615939768037806,0.47294597940043
FFHO026,conch,2,x,low,train_mean,top50_hvg,8912,2400,4.705882,50,4.4399792830991295e-08,,-0.0766004774259465,0.8041406273841858,0.6487058997154236,0.4114595190905519,0.94,0.06,0.5,0.6947522604162747,0.5892000000000001
FFHO026,conch,2,x,low,train_mean,top200_hvg,8912,2400,4.705882,200,-2.991783307614678e-07,,-0.0427366732010617,0.556481659412384,0.4326851367950439,0.4939190514410608,0.375,0.625,0.5,0.2619704209777743,0.3613854166666667
FFHO026,conch,2,x,low,pseudo_spot_8um,top50_hvg,8912,2400,4.705882,50,0.3837938851118088,0.3744636051284595,0.122454595527306,0.7163447737693787,0.5556169748306274,0.5405753315591847,0.8052917337385856,0.4110796747865638,0.6081857042625748,0.7290999109199241,0.7302398263012307
FFHO026,conch,2,x,low,pseudo_spot_8um,top200_hvg,8912,2400,4.705882,200,0.2588923497870564,0.2504984874028066,0.0517115381227449,0.516628086566925,0.3797169625759125,0.5504322674511116,0.362076873045299,0.7569507137741803,0.5595137934097397,0.361879741244889,0.4730685049822735
FFHO026,conch,2,x,low,pseudo_spot_16um,top50_hvg,8912,2400,4.705882,50,0.3824189023673534,0.3733245332737847,0.1204933189798612,0.7171123623847961,0.5559542775154114,0.5403604597147365,0.8030159078987852,0.4152070868748254,0.6091114973868054,0.7286895660312587,0.7297171020661715
FFHO026,conch,2,x,low,pseudo_spot_16um,top200_hvg,8912,2400,4.705882,200,0.2575968047976494,0.2496855775920612,0.0505178828421048,0.5170401334762573,0.3797931373119354,0.5501843606569596,0.3609036646211947,0.758187388476842,0.5595455265490183,0.3611989459400355,0.4720959350444987
FFHO026,conch,2,x,low,pseudo_spot_55um,top50_hvg,8912,2400,4.705882,50,0.3708537468314171,0.3615456929646551,0.1128769212774932,0.7200450897216797,0.559145450592041,0.5391506498994849,0.8017861964402933,0.4012643252636452,0.6015252608519692,0.7250851520868367,0.7258207911595943
FFHO026,conch,2,x,low,pseudo_spot_55um,top200_hvg,8912,2400,4.705882,200,0.2486747782863676,0.240786646405925,0.0465505835003568,0.5184072256088257,0.3815281689167022,0.550182062977823,0.3577117978815748,0.7550463075790621,0.5563790527303185,0.3564579858937715,0.4686044787889332
FFHO026,conch,3,y,low,cell_image,top50_hvg,8936,2400,4.705882,50,0.3871787989139557,0.3629405196355468,0.1390052956435829,0.7006020545959473,0.5600643157958984,0.5812403580944876,0.9109965054847744,0.2775740692371798,0.5942852873609773,0.7783554362381006,0.7541407402822787
FFHO026,conch,3,y,low,cell_image,top200_hvg,8936,2400,4.705882,200,0.2649062267318368,0.2504402368853587,0.0581791692477418,0.5181962847709656,0.4037418365478515,0.5921014143513135,0.4850800033401723,0.6452744939836053,0.5651772486618889,0.4359741193528356,0.4980605013782463
FFHO026,conch,3,y,low,train_mean,top50_hvg,8936,2400,4.705882,50,-9.524671489202774e-07,,-0.0522511157437838,0.7881536483764648,0.6486862897872925,0.522626748431807,0.96,0.04,0.5,0.744528072024949,0.6374083333333334
FFHO026,conch,3,y,low,train_mean,top200_hvg,8936,2400,4.705882,200,-3.243792647289468e-07,,-0.0270192996919286,0.5576527118682861,0.4386943578720093,0.5679245800259192,0.36,0.64,0.5,0.2681399186392784,0.39856875
FFHO026,conch,3,y,low,pseudo_spot_8um,top50_hvg,8936,2400,4.705882,50,0.3873337844014168,0.363348542305864,0.1391556192329153,0.7005013227462769,0.5600146651268005,0.5811298983349107,0.9110473148451464,0.2771249709413153,0.5940861428932308,0.7782673375458593,0.7542932387862343
FFHO026,conch,3,y,low,pseudo_spot_8um,top200_hvg,8936,2400,4.705882,200,0.2648878622427583,0.2505818017231829,0.0581683349260856,0.5181636810302734,0.4037765264511108,0.59207334556309,0.4855885924225695,0.6448558643583019,0.5652222283904358,0.4364656549764873,0.4981613782945087
FFHO026,conch,3,y,low,pseudo_spot_16um,top50_hvg,8936,2400,4.705882,50,0.3873328909277916,0.3630682027106458,0.1392539508547634,0.7004191875457764,0.5600951910018921,0.5809231952451572,0.9100108453202254,0.2768168981266641,0.5934138717234447,0.7778366673848158,0.7541471969741765
FFHO026,conch,3,y,low,pseudo_spot_16um,top200_hvg,8936,2400,4.705882,200,0.2649588851816952,0.2505428225001006,0.0583254504857086,0.5181047320365906,0.4037300646305084,0.5920809050367281,0.4850670272353741,0.6453684893964171,0.5652177583158957,0.4365161459457636,0.4982183258795636
FFHO026,conch,3,y,low,pseudo_spot_55um,top50_hvg,8936,2400,4.705882,50,0.3756520155072212,0.3504248528477616,0.129797468399629,0.7046269774436951,0.5639619827270508,0.5791049237321293,0.9145688432889172,0.2651604256553284,0.5898646344721228,0.7775983059468552,0.7496399407153048
FFHO026,conch,3,y,low,pseudo_spot_55um,top200_hvg,8936,2400,4.705882,200,0.2552884105034173,0.2411120384905339,0.0526527095610799,0.520270586013794,0.4060617089271545,0.5915027691983661,0.4854318153788897,0.6381733114673368,0.5618025634231132,0.4327739143098894,0.4926442906098763
HBCH024,conch,0,x,high,cell_image,top50_hvg,9042,2400,4.705882,50,0.3122084994614124,0.2867803013320242,0.1044157525221817,0.2702814042568207,0.1411343067884445,0.273233079267174,0.0685154555662521,0.9882853711852488,0.5284004133757505,0.0822959511435843,0.284502784756813
HBCH024,conch,0,x,high,cell_image,top200_hvg,9042,2400,4.705882,200,0.1840513128763996,0.1709053338587724,0.0417172475393454,0.1873831152915954,0.0754994079470634,0.2280658111338547,0.017128863891563,0.9970713427963122,0.5071001033439376,0.020573987785896,0.1423420125847235
HBCH024,conch,0,x,high,train_mean,top50_hvg,9042,2400,4.705882,50,1.1045069402970677e-07,,-0.0360164350402192,0.3025243282318115,0.1308348029851913,0.1401226067308577,0.0,1.0,0.5,0.0,0.1074166666666666
HBCH024,conch,0,x,high,train_mean,top200_hvg,9042,2400,4.705882,200,-6.022079301167529e-09,,-0.0183795422934758,0.2014734745025634,0.0655652657151222,0.1636416575193681,0.0,1.0,0.5,0.0,0.05724375
HBCH024,conch,0,x,high,pseudo_spot_8um,top50_hvg,9042,2400,4.705882,50,0.312100408822298,0.286626188354668,0.1043331052060239,0.2703032195568084,0.1411829441785812,0.273055682981436,0.0688254741120053,0.9883562082460576,0.5285908411790315,0.0828503595250286,0.2845163286665139
HBCH024,conch,0,x,high,pseudo_spot_8um,top200_hvg,9042,2400,4.705882,200,0.1839453785808291,0.1707847830484283,0.0416579724640905,0.187390461564064,0.0755444169044494,0.2279844883698675,0.0172063685280013,0.9970890520615144,0.5071477102947578,0.0207125898812571,0.142243756375896
HBCH024,conch,0,x,high,pseudo_spot_16um,top50_hvg,9042,2400,4.705882,50,0.3111488690972328,0.2861847931423051,0.1040002418436051,0.2704100310802459,0.1414150297641754,0.2733746442628292,0.068983819186092,0.9881263424734992,0.5285550808297955,0.0825564420003268,0.2838629601423431
HBCH024,conch,0,x,high,pseudo_spot_16um,top200_hvg,9042,2400,4.705882,200,0.1829813010532234,0.1701195670669081,0.0413558696872132,0.1874400824308395,0.0756823718547821,0.2282058448052441,0.017245954796523,0.9970315856183748,0.5071387702074489,0.0206391105000817,0.1416430773163385
HBCH024,conch,0,x,high,pseudo_spot_55um,top50_hvg,9042,2400,4.705882,50,0.3003180234134197,0.2789096407413349,0.0978564075834583,0.271871417760849,0.1433376669883728,0.2694302161639096,0.0665183988854942,0.98725223975597,0.526885319320732,0.0794066837282464,0.2756781529602553
HBCH024,conch,0,x,high,pseudo_spot_55um,top200_hvg,9042,2400,4.705882,200,0.174430118445307,0.1642926907289876,0.0376384781513479,0.1881217807531356,0.0765672922134399,0.2251656709229919,0.0166295997213735,0.9968130599389924,0.506721329830183,0.0198516709320616,0.1369685856155899
HBCH024,conch,1,y,high,cell_image,top50_hvg,8915,2400,4.705882,50,0.2900961673259735,0.2137100747952811,0.0471466040657833,0.1754509061574936,0.0843968316912651,0.195404077274705,0.0685809269489223,0.9938335939017524,0.5312072604253373,0.0741642853439656,0.2174107810147859
HBCH024,conch,1,y,high,cell_image,top200_hvg,8915,2400,4.705882,200,0.1661616208590567,0.1288160445186307,0.0081924946472281,0.1210958585143089,0.0451735481619834,0.1546701473337907,0.0171452317372305,0.998458398475438,0.5078018151063344,0.0185410713359914,0.1059102752532792
HBCH024,conch,1,y,high,train_mean,top50_hvg,8915,2400,4.705882,50,-6.695929727129625e-08,,-0.0284171301109017,0.1852201074361801,0.0934374704957008,0.0862721120870733,0.0,1.0,0.5,0.0,0.0438416666666666
HBCH024,conch,1,y,high,train_mean,top200_hvg,8915,2400,4.705882,200,-4.949595608427781e-08,,-0.0131075289583532,0.1249751523137092,0.0467217341065406,0.111739116830609,0.0,1.0,0.5,0.0,0.0234708333333333
HBCH024,conch,1,y,high,pseudo_spot_8um,top50_hvg,8915,2400,4.705882,50,0.2902213941514492,0.213577647955957,0.0472059712000191,0.1754380762577057,0.0844634845852851,0.1955871286398525,0.0685459253033943,0.9938796536954392,0.5312127894994169,0.073982848540612,0.2171569642902307
HBCH024,conch,1,y,high,pseudo_spot_8um,top200_hvg,8915,2400,4.705882,200,0.1662574871443212,0.1288120180858281,0.0081079456126462,0.1210934668779373,0.0452270433306694,0.1547465700085404,0.0171364813258485,0.99846991342386,0.5078031973748542,0.018495712135153,0.1059963817160772
HBCH024,conch,1,y,high,pseudo_spot_16um,top50_hvg,8915,2400,4.705882,50,0.2896890173852444,0.2131740348509141,0.0462890937691554,0.1755134612321853,0.0845850110054016,0.1948177379288165,0.0693484911099112,0.9937182908230944,0.5315333909665029,0.0747918546740164,0.2166023246616562
HBCH024,conch,1,y,high,pseudo_spot_16um,top200_hvg,8915,2400,4.705882,200,0.165831304108724,0.1284797602524379,0.0075638293961674,0.121130421757698,0.0453035943210125,0.1542384460021825,0.0173371227774778,0.9984295727057736,0.5078833477416257,0.0186979636685041,0.1061744463593014
HBCH024,conch,1,y,high,pseudo_spot_55um,top50_hvg,8915,2400,4.705882,50,0.2812826028466225,0.2102523699915913,0.0406619890080764,0.1761712580919265,0.0844994485378265,0.1927056333916652,0.0687928602390279,0.9936751898373644,0.5312340250381962,0.0759338049870629,0.2072750077537926
HBCH024,conch,1,y,high,pseudo_spot_55um,top200_hvg,8915,2400,4.705882,200,0.1577767104061786,0.1241045240272837,0.002550971581677,0.1215144917368888,0.0454107001423835,0.1519338831791452,0.0171982150597569,0.998418797459341,0.5078085062595491,0.0189834512467657,0.0999607664806656
HBCH024,conch,2,x,low,cell_image,top50_hvg,8882,2400,4.705882,50,0.2601222985982895,0.1812758919278449,0.0370358708547428,0.1601594239473343,0.0725088715553283,0.2075898726955321,0.0572248392056145,0.9973856243392482,0.5273052317724313,0.0698102297703434,0.206380160467411
HBCH024,conch,2,x,low,cell_image,top200_hvg,8882,2400,4.705882,200,0.1411710088996915,0.1045217205883187,-0.0113217475972487,0.1088434532284736,0.0385778956115245,0.1482978786126887,0.0143062098014036,0.999346406084812,0.5068263079431078,0.0174525574425858,0.0945186034049165
HBCH024,conch,2,x,low,train_mean,top50_hvg,8882,2400,4.705882,50,-2.999947544779502e-07,,-0.0790634599840268,0.171644777059555,0.0899428948760032,0.0740730988075323,0.0,1.0,0.5,0.0,0.0317416666666666
HBCH024,conch,2,x,low,train_mean,top200_hvg,8882,2400,4.705882,200,-1.3388849512629974e-07,,-0.0423531595391341,0.113338254392147,0.0445996448397636,0.0960775150791236,0.0,1.0,0.5,0.0,0.0169416666666666
HBCH024,conch,2,x,low,pseudo_spot_8um,top50_hvg,8882,2400,4.705882,50,0.2597279651463032,0.1814129186786093,0.0364262390008661,0.1602043807506561,0.0726120173931121,0.208505788458091,0.0570737561855729,0.997403126106303,0.527238441145938,0.0695983834413833,0.2060188937939917
HBCH024,conch,2,x,low,pseudo_spot_8um,top200_hvg,8882,2400,4.705882,200,0.1407856502744834,0.1044035197183885,-0.0118619160888192,0.1088713631033897,0.0386516600847244,0.1486565163600636,0.0142684390463932,0.999350781526576,0.5068096102864845,0.0173995958603458,0.0942014139235435
HBCH024,conch,2,x,low,pseudo_spot_16um,top50_hvg,8882,2400,4.705882,50,0.2593740299344063,0.1813703658063304,0.0359774512518197,0.1602072268724441,0.0726988390088081,0.2091093259258539,0.0557263050896084,0.9974638414014372,0.5265950732455228,0.06805170006895,0.206906205507027
HBCH024,conch,2,x,low,pseudo_spot_16um,top200_hvg,8882,2400,4.705882,200,0.1401721591089153,0.1040907337839029,-0.0120817087441537,0.1088753417134285,0.0386332832276821,0.1483031732384851,0.0139315762724021,0.9993659603503592,0.5066487683113807,0.0170129250172375,0.0945307991876288
HBCH024,conch,2,x,low,pseudo_spot_55um,top50_hvg,8882,2400,4.705882,50,0.2481663998961448,0.1767955218051985,0.0266978471633046,0.1610412895679474,0.0727973729372024,0.2016872778617447,0.0541968039544793,0.9974187945865072,0.5258077992704934,0.0674848800837451,0.1950814755274058
HBCH024,conch,2,x,low,pseudo_spot_55um,top200_hvg,8882,2400,4.705882,200,0.1346887607252574,0.1017858659530579,-0.0178920641896547,0.1092661395668983,0.0388408787548542,0.144926978132345,0.0135492009886198,0.9993546986466268,0.5064519498176233,0.0168712200209362,0.090516431101385
HBCH024,conch,3,y,low,cell_image,top50_hvg,8978,2400,4.705882,50,0.2839750760048627,0.2156476386764543,0.074919589604251,0.1933324933052063,0.0901547372341156,0.21088762438861,0.0593929713874739,0.995388267744691,0.5273906195660826,0.0763600429890916,0.2269001989291369
HBCH024,conch,3,y,low,cell_image,top200_hvg,8978,2400,4.705882,200,0.1560783726189402,0.1238607312386674,0.0159852723346466,0.1329666972160339,0.0477382726967334,0.1640555601443425,0.0148482428468684,0.9988470669361728,0.5068476548915206,0.0190900107472729,0.1058533118277727
HBCH024,conch,3,y,low,train_mean,top50_hvg,8978,2400,4.705882,50,5.0107665110488146e-08,,-0.0191907496540375,0.2062754929065704,0.0972161293029785,0.0979708684514035,0.0,1.0,0.5,0.0,0.0522666666666666
HBCH024,conch,3,y,low,train_mean,top200_hvg,8978,2400,4.705882,200,-4.744902755149383e-09,,-0.0104533111435199,0.1380936056375503,0.0484270341694355,0.1192571272044863,0.0,1.0,0.5,0.0,0.02725625
HBCH024,conch,3,y,low,pseudo_spot_8um,top50_hvg,8978,2400,4.705882,50,0.283514302521944,0.2153697600105822,0.0744703717363882,0.1933745592832565,0.0902786925435066,0.2109073912811547,0.0587930618631673,0.9954247388934928,0.5271089003783301,0.0757096957032462,0.2262879817165454
HBCH024,conch,3,y,low,pseudo_spot_8um,top200_hvg,8978,2400,4.705882,200,0.1557782654326729,0.123698913907006,0.0156671914345497,0.1329886019229889,0.0478145144879817,0.1642173468751342,0.0146982654657918,0.9988561847233732,0.5067772250945825,0.0189274239258115,0.1056760202213328
HBCH024,conch,3,y,low,pseudo_spot_16um,top50_hvg,8978,2400,4.705882,50,0.2834169106185436,0.2151355096076441,0.0746933358151,0.1933288723230362,0.0904300138354301,0.2112070274602641,0.0583438051311488,0.9955225483084552,0.526933176719802,0.0755911181148911,0.2264200470727183
HBCH024,conch,3,y,low,pseudo_spot_16um,top200_hvg,8978,2400,4.705882,200,0.1552213467221008,0.1231767087055611,0.0154039110656594,0.1329835355281829,0.0479055903851985,0.164271683212367,0.0145859512827872,0.9988806370771138,0.5067332941799505,0.0188977795287227,0.1055366566725677
HBCH024,conch,3,y,low,pseudo_spot_55um,top50_hvg,8978,2400,4.705882,50,0.270740767121315,0.208589317526841,0.0660449921106919,0.1945578902959823,0.0919063165783882,0.2080373578425167,0.0532130851474053,0.9957662690265792,0.5244896770869922,0.0700961501403653,0.2157431156202721
HBCH024,conch,3,y,low,pseudo_spot_55um,top200_hvg,8978,2400,4.705882,200,0.1468196839449228,0.1186521612021699,0.0106241194577887,0.1335403621196746,0.0485811121761798,0.1631355999412411,0.0133032712868513,0.9989415672566448,0.5061224192717481,0.0175240375350913,0.1008914843521658
HSDX009,conch,0,x,high,cell_image,top50_hvg,8799,2400,4.705882,50,0.1388072664756328,0.1280065833423233,-1.394609558614902,0.3472149968147278,0.1969487518072128,0.2163694648039126,0.1001096315684563,0.9564890885281162,0.5282993600482863,0.0959473667444201,0.1739142026821745
HSDX009,conch,0,x,high,cell_image,top200_hvg,8799,2400,4.705882,200,0.0970016753970412,0.0908453868893929,-0.4401634386035584,0.2491890639066696,0.1010207906365394,0.1769059082094714,0.025027407892114,0.9891178201144462,0.5070726140032802,0.023986841686105,0.1018056380868503
HSDX009,conch,0,x,high,train_mean,top50_hvg,8799,2400,4.705882,50,1.530651259074034e-07,,-1.8989318415371237,0.3506730794906616,0.2264676094055175,0.1961242981922787,0.02,0.98,0.5,0.0074134419551934,0.097375
HSDX009,conch,0,x,high,train_mean,top200_hvg,8799,2400,4.705882,200,5.5579203117051e-08,,-0.5048570714339238,0.2508184313774109,0.1056657806038856,0.1667817020215339,0.005,0.995,0.5,0.0018533604887983,0.0556020833333333
HSDX009,conch,0,x,high,pseudo_spot_8um,top50_hvg,8799,2400,4.705882,50,0.1385691334301373,0.1276754729431947,-1.387064557899721,0.3473085463047027,0.1971791833639145,0.2166170478292407,0.1013016683269256,0.9559597678426806,0.5286307180848031,0.0966536463665722,0.1737275427782603
HSDX009,conch,0,x,high,pseudo_spot_8um,top200_hvg,8799,2400,4.705882,200,0.0965443719939503,0.0904991598301899,-0.4381494529577321,0.2492314279079437,0.1011220514774322,0.1771470773040954,0.0253254170817314,0.9889810379255044,0.5071532275036179,0.024163411591643,0.101169573839319
HSDX009,conch,0,x,high,pseudo_spot_16um,top50_hvg,8799,2400,4.705882,50,0.1383141529792919,0.1276652223363992,-1.3233227447653189,0.3470431864261627,0.1968064606189727,0.2156311114710089,0.1023949326080744,0.955566838482838,0.5289808855454562,0.0972745861835677,0.1738433379281033
HSDX009,conch,0,x,high,pseudo_spot_16um,top200_hvg,8799,2400,4.705882,200,0.0968032566763577,0.0912905203918061,-0.4203780681559146,0.2491840720176696,0.1010867431759834,0.1762570019048411,0.0255987331520186,0.9888872576031268,0.5072429953775726,0.0243186465458919,0.1011063911621242
HSDX009,conch,0,x,high,pseudo_spot_55um,top50_hvg,8799,2400,4.705882,50,0.1403978088847361,0.1338360111661835,-0.9361484437040052,0.3433967232704162,0.1914547085762024,0.2212724139588637,0.0975736420086117,0.9579618973695784,0.5277677696890951,0.0918306878017198,0.1708219177054083
HSDX009,conch,0,x,high,pseudo_spot_55um,top200_hvg,8799,2400,4.705882,200,0.089349966763184,0.087064758264316,-0.3115386465957999,0.2483208775520324,0.0997368916869163,0.1778915937183906,0.0243934105021529,0.989483896985648,0.5069386537439005,0.0229576719504299,0.0959105556376528
HSDX009,conch,1,y,high,cell_image,top50_hvg,8765,2400,4.705882,50,0.462565396130085,0.3333502225155085,0.2382632578536868,0.3789313435554504,0.2279986143112182,0.4790945949346352,0.3914523677984401,0.9318267292446706,0.6616395485215553,0.396990006778301,0.4866606424425538
HSDX009,conch,1,y,high,cell_image,top200_hvg,8765,2400,4.705882,200,0.2478833896853029,0.1880477316346668,0.0856364977125486,0.2438918799161911,0.1076654866337776,0.448734876780519,0.1117563111918853,0.9824284780351736,0.5470923946135295,0.1167946353031442,0.2250687290894993
HSDX009,conch,1,y,high,train_mean,top50_hvg,8765,2400,4.705882,50,-6.233252562992675e-07,,-0.0149147604710196,0.4434464573860168,0.2531252205371856,0.2596230592470138,0.0,1.0,0.5,0.0,0.1643416666666666
HSDX009,conch,1,y,high,train_mean,top200_hvg,8765,2400,4.705882,200,-1.538331515560376e-07,,-0.0063895505931623,0.27249276638031,0.1097103133797645,0.3044974282786856,0.0,1.0,0.5,0.0,0.0736458333333333
HSDX009,conch,1,y,high,pseudo_spot_8um,top50_hvg,8765,2400,4.705882,50,0.4629725381731987,0.3337009710650597,0.2388989537581801,0.3787617981433868,0.2280412763357162,0.4796785636166269,0.3922105401449943,0.931552435010651,0.6618814875778226,0.3972934683788458,0.4870971939002061
HSDX009,conch,1,y,high,pseudo_spot_8um,top200_hvg,8765,2400,4.705882,200,0.2481504549446981,0.1883046826248642,0.0858909714836772,0.2438179105520248,0.107713297009468,0.4490837812006216,0.112260206865178,0.9823533997419572,0.5473068033035677,0.1171582152306873,0.22507151604256
HSDX009,conch,1,y,high,pseudo_spot_16um,top50_hvg,8765,2400,4.705882,50,0.4625838133692741,0.3337904618841661,0.2381539277173578,0.378792256116867,0.2276804745197296,0.4788577685721019,0.3956175321858654,0.9308608896642618,0.6632392109250637,0.4003575779873294,0.4862983665044161
HSDX009,conch,1,y,high,pseudo_spot_16um,top200_hvg,8765,2400,4.705882,200,0.2476671673450619,0.1882184229812454,0.0855530094542336,0.2438641935586929,0.1075292378664016,0.4484574750762288,0.1124911327317464,0.9822228517612518,0.5473569922464993,0.117184822092426,0.224806659567962
HSDX009,conch,1,y,high,pseudo_spot_55um,top50_hvg,8765,2400,4.705882,50,0.4285343785583972,0.3229496877672027,0.2072869975841604,0.38496133685112,0.2297411561012268,0.4718694853841993,0.3810700732597725,0.926201253160026,0.6536356632098992,0.37670046486903,0.4562560459640419
HSDX009,conch,1,y,high,pseudo_spot_55um,top200_hvg,8765,2400,4.705882,200,0.2222795585310086,0.1755456559344853,0.0690783957787607,0.2469459772109985,0.1084921956062316,0.4432216512920471,0.1009398605240444,0.981308998496059,0.5411244295100517,0.1028794186670676,0.2043524546949561
HSDX009,conch,2,x,low,cell_image,top50_hvg,8831,2400,4.705882,50,0.3340156172588467,0.2996938482190478,-0.0718116341542918,0.3734722733497619,0.2276016622781753,0.4837033808850996,0.2838855978459515,0.9241365999465576,0.6040110988962546,0.2702543493586339,0.3682011560206321
HSDX009,conch,2,x,low,cell_image,top200_hvg,8831,2400,4.705882,200,0.2118025720890727,0.1845992137186676,-0.0109068421104893,0.2457860112190246,0.1130006164312362,0.4537496635443899,0.0939266900223053,0.9775553982747534,0.5357410441485293,0.0938911500341648,0.1959983884124335
HSDX009,conch,2,x,low,train_mean,top50_hvg,8831,2400,4.705882,50,2.6168489654310177e-07,,-0.1961707848399419,0.4323326051235199,0.2510776817798614,0.1433226819003156,0.0,1.0,0.5,0.0,0.1565416666666666
HSDX009,conch,2,x,low,train_mean,top200_hvg,8831,2400,4.705882,200,7.697534634768316e-08,,-0.0663836294989675,0.2754420340061188,0.1130705550312995,0.2310467854900249,0.0,1.0,0.5,0.0,0.0768854166666666
HSDX009,conch,2,x,low,pseudo_spot_8um,top50_hvg,8831,2400,4.705882,50,0.3339222254185006,0.2996046903559955,-0.0741502080974169,0.3735785484313965,0.2277995645999908,0.4839403993189837,0.2842397399753799,0.92378471221604,0.6040122260957099,0.270564579418705,0.3683240824089889
HSDX009,conch,2,x,low,pseudo_spot_8um,top200_hvg,8831,2400,4.705882,200,0.2120583588141016,0.1848630101679831,-0.0114855175060802,0.2458197772502899,0.1130745187401771,0.4539415697496993,0.0943980831097882,0.9774184916795808,0.5359082873946845,0.0943743868234973,0.1961942587630792
HSDX009,conch,2,x,low,pseudo_spot_16um,top50_hvg,8831,2400,4.705882,50,0.3311504474980756,0.298359363357246,-0.0840098487772047,0.3743438124656677,0.2285468727350235,0.4822013191607566,0.2829657077342444,0.9224219046622372,0.6026938061982409,0.2693585074963158,0.3660732227471694
HSDX009,conch,2,x,low,pseudo_spot_16um,top200_hvg,8831,2400,4.705882,200,0.2112338807608466,0.1847738076349024,-0.0143177886310149,0.2461606860160827,0.113273836672306,0.4526625374837427,0.0945378173978533,0.977033908793478,0.5357858630956658,0.0942877889619541,0.1949183548835817
HSDX009,conch,2,x,low,pseudo_spot_55um,top50_hvg,8831,2400,4.705882,50,0.3096375382319092,0.2814082395673887,-0.1056177282333374,0.3798935115337372,0.2298892885446548,0.4699923993343444,0.2801729435937899,0.9186724067068076,0.5994226751502988,0.2668253722329567,0.3476310015975949
HSDX009,conch,2,x,low,pseudo_spot_55um,top200_hvg,8831,2400,4.705882,200,0.1914368199335877,0.1720096573033429,-0.027523178906049,0.2493879497051239,0.1142850592732429,0.4408561293470376,0.0871560741370381,0.9762051047766228,0.5316805894568304,0.0860273339109179,0.1782738261212292
HSDX009,conch,3,y,low,cell_image,top50_hvg,8864,2400,4.705882,50,0.3500296917557716,0.2910705277889541,-0.449501226125285,0.332593023777008,0.2050860673189163,0.4174713943694939,0.3535797875561819,0.9186900922333294,0.6361349398947557,0.2978667706215625,0.3342650235571686
HSDX009,conch,3,y,low,cell_image,top200_hvg,8864,2400,4.705882,200,0.1886153534811455,0.1571609095758666,-0.182999635154556,0.2098677903413772,0.096898429095745,0.3565470119051989,0.1074205164672343,0.9776524861905144,0.5425365013288744,0.0951453322828723,0.1556770912956954
HSDX009,conch,3,y,low,train_mean,top50_hvg,8864,2400,4.705882,50,2.979353738652435e-07,,-0.1317557317379396,0.3591612875461578,0.2302981168031692,0.1720904828977506,0.04,0.96,0.5,0.0160281667821861,0.1088916666666666
HSDX009,conch,3,y,low,train_mean,top200_hvg,8864,2400,4.705882,200,2.71370846609185e-08,,-0.0485512002917994,0.2211448699235916,0.0999009981751442,0.2163620263946841,0.01,0.99,0.5,0.0040070416955465,0.0510312499999999
HSDX009,conch,3,y,low,pseudo_spot_8um,top50_hvg,8864,2400,4.705882,50,0.3502952769584954,0.2911403104288267,-0.4513041202642489,0.3324686288833618,0.2050074934959411,0.4173298890505096,0.3541359582834611,0.9188692140597152,0.6365025861715882,0.298146663661117,0.3344435396417458
HSDX009,conch,3,y,low,pseudo_spot_8um,top200_hvg,8864,2400,4.705882,200,0.188567761083832,0.1570192023381908,-0.1838802633320392,0.2098390161991119,0.0968721359968185,0.3563318662068894,0.1075484590266446,0.9776889786768704,0.5426187188517576,0.0951377659273801,0.155813168661157
HSDX009,conch,3,y,low,pseudo_spot_16um,top50_hvg,8864,2400,4.705882,50,0.3487117853853851,0.2898317161117553,-0.4759774858108722,0.3327689468860626,0.2050656676292419,0.4150637500540572,0.3593806882186636,0.9180198378047988,0.6387002630117311,0.3000158742160915,0.3327481061156493
HSDX009,conch,3,y,low,pseudo_spot_16um,top200_hvg,8864,2400,4.705882,200,0.1867736861179582,0.1556708425890422,-0.1935845368306036,0.2100627422332763,0.0969572588801384,0.355004895276273,0.1083750536487885,0.9774322487801468,0.5429036512144677,0.0949532802203348,0.1536313984151339
HSDX009,conch,3,y,low,pseudo_spot_55um,top50_hvg,8864,2400,4.705882,50,0.330951765011996,0.2853271225681,-0.453891420243308,0.3316903412342071,0.2012680917978286,0.4047582885172333,0.3402321122049321,0.9224533250568092,0.6313427186308707,0.2858292175571,0.3138623435587157
HSDX009,conch,3,y,low,pseudo_spot_55um,top200_hvg,8864,2400,4.705882,200,0.173769275273662,0.1509173348228294,-0.1878521152863231,0.2098609805107116,0.0956953018903732,0.347616114888087,0.0980363411997817,0.9788728500174502,0.538454595608616,0.0858942622964281,0.1430516464334062
WMPP017,conch,0,x,high,cell_image,top50_hvg,8978,2400,4.705882,50,0.4364404712244868,0.3535195488059404,-0.0958024492673575,0.5785776972770691,0.4210617840290069,0.5799798135398642,0.6534995165056593,0.657576022528439,0.6555377695170493,0.532085273650655,0.5654461336614763
WMPP017,conch,0,x,high,cell_image,top200_hvg,8978,2400,4.705882,200,0.3152967295364942,0.2360785934211975,-0.242041742902511,0.4100023508071899,0.2591651082038879,0.5463665422311778,0.3635837751639886,0.872586835430843,0.6180853052974159,0.3201015384362182,0.3597399828219569
WMPP017,conch,0,x,high,train_mean,top50_hvg,8978,2400,4.705882,50,-1.460830957711323e-07,,-0.2013739143591374,0.7001259922981262,0.5169616341590881,0.3991828089097245,0.42,0.58,0.5,0.2565828217588864,0.3026583333333333
WMPP017,conch,0,x,high,train_mean,top200_hvg,8978,2400,4.705882,200,5.1435165404344055e-08,,-0.1925316832287103,0.4681740403175354,0.289886862039566,0.398442748141612,0.105,0.895,0.5,0.0641457054397216,0.15168125
WMPP017,conch,0,x,high,pseudo_spot_8um,top50_hvg,8978,2400,4.705882,50,0.436512451171875,0.353606856458216,-0.0972515835240483,0.5786759853363037,0.4212100803852081,0.5799286205462719,0.65384314288434,0.6570202505965816,0.6554316967404609,0.5322058572271865,0.565588952083539
WMPP017,conch,0,x,high,pseudo_spot_8um,top200_hvg,8978,2400,4.705882,200,0.3153870084427763,0.2361743441590987,-0.2434610752079606,0.4100498855113983,0.2592407464981079,0.5463538035928155,0.3631987415101352,0.8723434398439532,0.6177710906770442,0.3194761371639819,0.3597741763031387
WMPP017,conch,0,x,high,pseudo_spot_16um,top50_hvg,8978,2400,4.705882,50,0.4366192506998777,0.3537294034708111,-0.0992893050797283,0.5788162350654602,0.4214698672294616,0.5801577589417759,0.656077833514965,0.6555495517717312,0.655813692643348,0.532861432893814,0.5652902297546296
WMPP017,conch,0,x,high,pseudo_spot_16um,top200_hvg,8978,2400,4.705882,200,0.3157884310615191,0.2363824380865653,-0.2452176293931984,0.4100463986396789,0.2593913972377777,0.5465837533694102,0.3638065417516657,0.8718599999014409,0.6178332708265534,0.3199476237155425,0.3597663994691475
WMPP017,conch,0,x,high,pseudo_spot_55um,top50_hvg,8978,2400,4.705882,50,0.431504946090281,0.3513678121310365,-0.0936326212994754,0.5805799961090088,0.4223282039165497,0.5785734756096805,0.6562789812280095,0.6519634063787655,0.6541211938033875,0.5310881124948278,0.5628198154519659
WMPP017,conch,0,x,high,pseudo_spot_55um,top200_hvg,8978,2400,4.705882,200,0.3071047155465931,0.2332375877648121,-0.2402668848319444,0.411418467760086,0.2596257030963897,0.5437117587520038,0.3566678212632538,0.8708371656335743,0.6137524934484142,0.3121694598539959,0.3505516682138915
WMPP017,conch,1,y,high,cell_image,top50_hvg,8846,2400,4.705882,50,0.3623512986302376,0.2878181077250461,-0.3806645289622247,0.5638769865036011,0.4135059714317322,0.5541433674770538,0.6281437799161954,0.646983418078496,0.6375635989973457,0.4739697701028445,0.4718141860624349
WMPP017,conch,1,y,high,cell_image,top200_hvg,8846,2400,4.705882,200,0.2547415042831562,0.1968934262216917,-0.6866405041457619,0.4068653583526611,0.2620640397071838,0.5133880237253073,0.3389223663503694,0.860259663222308,0.5995910147863387,0.2771519104365662,0.2895415740313071
WMPP017,conch,1,y,high,train_mean,top50_hvg,8846,2400,4.705882,50,4.021512859964105e-07,,-0.3000480159331345,0.6092731952667236,0.4845304787158966,0.4342108262765947,0.48,0.52,0.5,0.2605503755283016,0.25615
WMPP017,conch,1,y,high,train_mean,top200_hvg,8846,2400,4.705882,200,7.918764976369563e-08,,-0.3391498077733922,0.4256075024604797,0.2793076634407043,0.3762667934848486,0.12,0.88,0.5,0.0651375938820754,0.1343937499999999
WMPP017,conch,1,y,high,pseudo_spot_8um,top50_hvg,8846,2400,4.705882,50,0.3624592480063438,0.2880032551714346,-0.3827101567387581,0.5638624429702759,0.4135721623897552,0.5539150589868224,0.628008790273073,0.6467183426278618,0.6373635664504674,0.4738207824454926,0.472011931230939
WMPP017,conch,1,y,high,pseudo_spot_8um,top200_hvg,8846,2400,4.705882,200,0.2547649775259197,0.1969824147194891,-0.6897617455996806,0.4069303572177887,0.2622293531894684,0.5131879652855003,0.3392563191512486,0.8600089697517416,0.599632644451495,0.2772270757999904,0.2895596165842517
WMPP017,conch,1,y,high,pseudo_spot_16um,top50_hvg,8846,2400,4.705882,50,0.3622333639860153,0.2876045333889433,-0.3883470995305106,0.5643033385276794,0.4141435623168945,0.5531961509309605,0.6287807144688946,0.6458735811572196,0.637327147813057,0.473694080376788,0.4720500691817892
WMPP017,conch,1,y,high,pseudo_spot_16um,top200_hvg,8846,2400,4.705882,200,0.2545951941399835,0.1966677994833352,-0.695329405600496,0.4069214761257171,0.2624415457248688,0.5127329057277014,0.3396767143798436,0.8598264837873552,0.5997515990835994,0.2771563856897093,0.2896484512369073
WMPP017,conch,1,y,high,pseudo_spot_55um,top50_hvg,8846,2400,4.705882,50,0.3600174558907747,0.2844428103867453,-0.3486858692904934,0.5625397562980652,0.411851018667221,0.5506756887384081,0.6220253098039251,0.646573622013553,0.6342994659087391,0.4705059189255005,0.470225681492364
WMPP017,conch,1,y,high,pseudo_spot_55um,top200_hvg,8846,2400,4.705882,200,0.2505818069772795,0.1928999641148622,-0.6261375319014769,0.4052979052066803,0.2596033811569214,0.5069324377429536,0.324712143149531,0.8628773476664924,0.5937947454080117,0.2687106007066032,0.2855885033958191
WMPP017,conch,2,x,low,cell_image,top50_hvg,8861,2400,4.705882,50,0.255760311994236,0.1992468071428232,-2.31649895057104,0.5948389768600464,0.4298825263977051,0.4992935100756586,0.5660866605024065,0.6223646437752047,0.5942256521388056,0.3916801142168731,0.3912573103086684
WMPP017,conch,2,x,low,cell_image,top200_hvg,8861,2400,4.705882,200,0.1737683600629679,0.1326198508217873,-2.573660437127164,0.4740504324436188,0.2943626940250397,0.4126547806250649,0.2566613670330968,0.8526939293194584,0.5546776481762775,0.2030614309754464,0.2532023052884938
WMPP017,conch,2,x,low,train_mean,top50_hvg,8861,2400,4.705882,50,2.949530083031148e-07,,-1.3206282150620243,0.6275358200073242,0.4887702167034149,0.417749351124512,0.48,0.52,0.5,0.2542096926459367,0.2418083333333333
WMPP017,conch,2,x,low,train_mean,top200_hvg,8861,2400,4.705882,200,3.18989478516699e-08,,-0.8872134382181912,0.4890439212322235,0.2982475161552429,0.3061121707862548,0.12,0.88,0.5,0.0635524231614841,0.1548166666666666
WMPP017,conch,2,x,low,pseudo_spot_8um,top50_hvg,8861,2400,4.705882,50,0.2555817314237356,0.1991092854306942,-2.3283982499019475,0.5949784517288208,0.4302329421043396,0.4993569582805503,0.567617785799515,0.6213255942366401,0.5944716900180776,0.3915169718525165,0.3912892419020245
WMPP017,conch,2,x,low,pseudo_spot_8um,top200_hvg,8861,2400,4.705882,200,0.1738535403681453,0.1326641282969151,-2.5832535449451823,0.4740490019321441,0.2944933772087097,0.4126786476093548,0.2571945946813052,0.8524521244397717,0.5548233595605384,0.2030265913660859,0.2534153431306751
WMPP017,conch,2,x,low,pseudo_spot_16um,top50_hvg,8861,2400,4.705882,50,0.2561458055768162,0.1994770371228852,-2.3331913718784927,0.5949421525001526,0.4303097128868103,0.500814473998859,0.5702599100268162,0.620412240053264,0.59533607504004,0.3922192175710065,0.3913772857373594
WMPP017,conch,2,x,low,pseudo_spot_16um,top200_hvg,8861,2400,4.705882,200,0.1743612538761226,0.1328806839283059,-2.607545363443642,0.4738779366016388,0.2945447564125061,0.4137021432926364,0.2577532368239406,0.8523937399168924,0.5550734883704166,0.2031147601610367,0.2537378610894711
WMPP017,conch,2,x,low,pseudo_spot_55um,top50_hvg,8861,2400,4.705882,50,0.2473270565085113,0.1893218517286585,-2.2689870007522406,0.59551602602005,0.4311854243278503,0.503508648891778,0.5582618854429308,0.6173855652830259,0.5878237253629783,0.3846110280002953,0.3850622851122931
WMPP017,conch,2,x,low,pseudo_spot_55um,top200_hvg,8861,2400,4.705882,200,0.1687918844426531,0.1278692327201979,-2.6077548107138138,0.4744351208209991,0.2943455874919891,0.4127994031158838,0.2468699811176121,0.8531839983409583,0.5500269897292852,0.1969311838612694,0.2494402221135798
WMPP017,conch,3,y,low,cell_image,top50_hvg,8812,2400,4.705882,50,0.5318932590261102,0.4005465621636397,0.2332378681376576,0.5967788696289062,0.4293808043003082,0.653782017917232,0.6590407140740292,0.6926100755987735,0.6758253948364015,0.5845924076748366,0.6279088456321085
WMPP017,conch,3,y,low,cell_image,top200_hvg,8812,2400,4.705882,200,0.4439821883302647,0.3059256927063185,-0.0318838575249537,0.4343760907649994,0.2719292640686035,0.6228759086272777,0.427291124333755,0.8841407419027282,0.6557159331182416,0.4186596207659632,0.4792596158093758
WMPP017,conch,3,y,low,train_mean,top50_hvg,8812,2400,4.705882,50,-4.574989753385645e-07,,-0.055755315674869,0.7978201508522034,0.5565192699432373,0.3823346550466708,0.44,0.56,0.5,0.2925872961366507,0.33875
WMPP017,conch,3,y,low,train_mean,top200_hvg,8812,2400,4.705882,200,-1.1700138792376e-07,,-0.0835395828337254,0.5416272282600403,0.3160061538219452,0.3918603693606329,0.11,0.89,0.5,0.0731468240341626,0.18371875
WMPP017,conch,3,y,low,pseudo_spot_8um,top50_hvg,8812,2400,4.705882,50,0.5316937179863452,0.4003326938401526,0.2329765396378934,0.5969010591506958,0.4294674694538116,0.653509568106173,0.6591716646894895,0.6918432079109071,0.6755074363001984,0.5842691532649764,0.6277613361295851
WMPP017,conch,3,y,low,pseudo_spot_8um,top200_hvg,8812,2400,4.705882,200,0.4438732746429741,0.3058355251714759,-0.0319929471012437,0.4344750642776489,0.2720140218734741,0.6226919749705062,0.4273770972934287,0.883873919504721,0.6556255083990749,0.418411775875874,0.4790888683993363
WMPP017,conch,3,y,low,pseudo_spot_16um,top50_hvg,8812,2400,4.705882,50,0.5319319682195782,0.4003035876463145,0.2326406456343829,0.5966870784759521,0.4294475317001343,0.6538347408916965,0.6609054883751994,0.6911091967937151,0.6760073425844572,0.5848543415150875,0.627902676365392
WMPP017,conch,3,y,low,pseudo_spot_16um,top200_hvg,8812,2400,4.705882,200,0.4442054523492698,0.3056897556843269,-0.0335558664404379,0.4343538284301758,0.2719829380512237,0.6228321279555677,0.4276453005155842,0.8836620299252002,0.6556536652203921,0.4186889984442614,0.4788930199888477
WMPP017,conch,3,y,low,pseudo_spot_55um,top50_hvg,8812,2400,4.705882,50,0.5303775952011347,0.3974307544717653,0.2372016118431929,0.5975331664085388,0.4289359152317047,0.6503877346945612,0.6570020959379163,0.6921555914799238,0.6745788437089201,0.5831040101435019,0.625831074563847
WMPP017,conch,3,y,low,pseudo_spot_55um,top200_hvg,8812,2400,4.705882,200,0.4409862475842237,0.3029350984859446,-0.0177451688246219,0.4355586469173431,0.2711597383022308,0.6175619549449015,0.4193429463656078,0.8848888661805016,0.6521159062730547,0.4130148895362993,0.4733822665859047
