encoder,species,organ,target,train_samples,seed,ratio,model,gene_set,n_train,n_test,n_shared_genes,n_genes,pearson_gene_macro,spearman_gene_macro,r2_gene_macro,rmse_log1p,mae_log1p,pearson_cell_macro,sensitivity_gene_macro,specificity_gene_macro,balanced_accuracy_gene_macro,f1_gene_macro,auprc_gene_macro,contrast
conch,human,skin,HSDX009_2,HSDX009,0,0.1,image,top50_hvg,1200,12000,541,50,0.3274874686356634,0.2750222007509796,-0.7449474864453077,0.3600491881370544,0.2378547191619873,0.3838019062369451,0.4538236984523627,0.874547551560895,0.664185625006629,0.3378375154034672,0.3234494327731117,normal_replication_1_to_2
conch,human,skin,HSDX009_2,HSDX009,0,0.1,image,top200_hvg,1200,12000,541,200,0.1517958854061726,0.1290012364981024,-0.4317660646070726,0.2164822816848755,0.1142702847719192,0.3603873872431055,0.1378142720916607,0.9651764770117108,0.5514953745516857,0.1069029445483915,0.1279375102942501,normal_replication_1_to_2
conch,human,skin,HSDX009_2,HSDX009,0,0.1,image,marker_hvg_overlap,1200,12000,541,176,0.1513364568681109,0.1301444080711587,-0.4153455321343658,0.2194395810365677,0.1158870011568069,0.3579990649699275,0.1360731986228555,0.965595603618646,0.5508344011207508,0.1053744430306525,0.126860601200184,normal_replication_1_to_2
conch,human,skin,HSDX009_2,HSDX009,0,0.1,train_mean,top50_hvg,1200,12000,541,50,9.637392892614116e-09,,-0.1151900511135318,0.3436506986618042,0.2126719206571579,0.1775758945159609,0.0,1.0,0.5,0.0,0.1086466666666666,normal_replication_1_to_2
conch,human,skin,HSDX009_2,HSDX009,0,0.1,train_mean,top200_hvg,1200,12000,541,200,-2.341888965862182e-08,,-0.047011994500317,0.2036270052194595,0.0883862078189849,0.2414192241386135,0.0,1.0,0.5,0.0,0.0451466666666666,normal_replication_1_to_2
conch,human,skin,HSDX009_2,HSDX009,0,0.1,train_mean,marker_hvg_overlap,1200,12000,541,176,-6.375725568709033e-09,,-0.0408186256846751,0.2062544077634811,0.0899232104420661,0.2328665751804268,0.0,1.0,0.5,0.0,0.0458058712121212,normal_replication_1_to_2
conch,human,skin,HSDX009_2,HSDX009,0,0.25,image,top50_hvg,3000,12000,541,50,0.3445628370996564,0.2897513773354633,-0.5411245641112328,0.3509160578250885,0.2315131276845932,0.4169835277698205,0.4787045240087482,0.8737153704497344,0.6762099472292412,0.3478980724585941,0.3307642462441046,normal_replication_1_to_2
conch,human,skin,HSDX009_2,HSDX009,0,0.25,image,top200_hvg,3000,12000,541,200,0.1683523492712993,0.1433546674407045,-0.2846326260571368,0.2100287228822708,0.1070268675684928,0.3918191833533157,0.141320512187635,0.9655556965283368,0.5534381043579858,0.1061958845757677,0.1339365220180024,normal_replication_1_to_2
conch,human,skin,HSDX009_2,HSDX009,0,0.25,image,marker_hvg_overlap,3000,12000,541,176,0.1682486662162277,0.1451000970304505,-0.2691876586785921,0.2122479528188705,0.108485423028469,0.3901658965049407,0.1377299082808831,0.9667029279538631,0.5522164181173731,0.1046941667496006,0.1329671181991774,normal_replication_1_to_2
conch,human,skin,HSDX009_2,HSDX009,0,0.25,train_mean,top50_hvg,3000,12000,541,50,-2.0267096669357446e-07,,-0.1946206940916818,0.3453292548656463,0.2167612314224243,0.1672556879111631,0.02,0.98,0.5,0.0046486964206805,0.1086466666666666,normal_replication_1_to_2
conch,human,skin,HSDX009_2,HSDX009,0,0.25,train_mean,top200_hvg,3000,12000,541,200,-2.496035458765533e-08,,-0.0744385502270199,0.2044733017683029,0.0906671434640884,0.2357439542972118,0.005,0.995,0.5,0.0011621741051701,0.0451466666666666,normal_replication_1_to_2
conch,human,skin,HSDX009_2,HSDX009,0,0.25,train_mean,marker_hvg_overlap,3000,12000,541,176,-8.303904147632934e-08,,-0.0605111002877536,0.2070234417915344,0.0920140370726585,0.2272224885722229,0.0056818181818181,0.9943181818181818,0.5,0.0013206523922387,0.0458058712121212,normal_replication_1_to_2
conch,human,skin,HSDX009_2,HSDX009,0,1.0,image,top50_hvg,12000,12000,541,50,0.3593048309721052,0.299093032152642,-0.3272799254395068,0.3397710919380188,0.2187282592058181,0.4274015839505173,0.460778216173186,0.8861678721082904,0.6734730441407383,0.3448230817882296,0.3387218251525191,normal_replication_1_to_2
conch,human,skin,HSDX009_2,HSDX009,0,1.0,image,top200_hvg,12000,12000,541,200,0.1873949040906154,0.1578710004995937,-0.1607562542200321,0.203296348452568,0.0989544168114662,0.4035399814609736,0.1340796753508397,0.9692419545815332,0.5516608149661866,0.1028081145923636,0.1416730294479414,normal_replication_1_to_2
conch,human,skin,HSDX009_2,HSDX009,0,1.0,image,marker_hvg_overlap,12000,12000,541,176,0.187139043795138,0.1597096077138966,-0.1547054368215454,0.2056982219219207,0.1004989594221115,0.4013531734545342,0.1307752442844993,0.9706133961857636,0.5506943202351315,0.1014563480168392,0.1404841275497433,normal_replication_1_to_2
conch,human,skin,HSDX009_2,HSDX009,0,1.0,train_mean,top50_hvg,12000,12000,541,50,-1.4778048509356268e-07,,-0.1597739182059012,0.3447456061840057,0.2144755274057388,0.1710628072647522,0.0,1.0,0.5,0.0,0.1086466666666666,normal_replication_1_to_2
conch,human,skin,HSDX009_2,HSDX009,0,1.0,train_mean,top200_hvg,12000,12000,541,200,-5.315636988800777e-08,,-0.0628879923196677,0.2041676640510559,0.0896940678358078,0.2378077990064712,0.0,1.0,0.5,0.0,0.0451466666666666,normal_replication_1_to_2
conch,human,skin,HSDX009_2,HSDX009,0,1.0,train_mean,marker_hvg_overlap,12000,12000,541,176,-4.737915545247808e-08,,-0.0523323023855756,0.206733152270317,0.0911899730563163,0.2290964274263172,0.0,1.0,0.5,0.0,0.0458058712121212,normal_replication_1_to_2
conch,human,skin,HSDX009_2,HSDX009,1,0.1,image,top50_hvg,1200,12000,541,50,0.312806618460454,0.2674376057413636,-0.7440031404048204,0.3584381639957428,0.2371925264596939,0.3902926181640568,0.4493783745653444,0.8773171458811521,0.6633477602232483,0.3276462558217589,0.3114946347571567,normal_replication_1_to_2
conch,human,skin,HSDX009_2,HSDX009,1,0.1,image,top200_hvg,1200,12000,541,200,0.1432540751982014,0.124233572148071,-0.4206670084584039,0.2155834138393402,0.1133025512099266,0.3633401910754819,0.1349778325889981,0.9659254363957558,0.5504516344923771,0.1025549086660456,0.1227178834283812,normal_replication_1_to_2
conch,human,skin,HSDX009_2,HSDX009,1,0.1,image,marker_hvg_overlap,1200,12000,541,176,0.1433482707308774,0.1260018027674908,-0.399153090377116,0.2179799228906631,0.1146775931119918,0.3616545122732336,0.1315128471365549,0.9670566852335216,0.5492847661850383,0.1004962126119563,0.1217118507408318,normal_replication_1_to_2
conch,human,skin,HSDX009_2,HSDX009,1,0.1,train_mean,top50_hvg,1200,12000,541,50,9.356356187595339e-08,,-0.1789633371047602,0.3447026908397674,0.2150669693946838,0.1727450927124263,0.02,0.98,0.5,0.0094772987409385,0.1086466666666666,normal_replication_1_to_2
conch,human,skin,HSDX009_2,HSDX009,1,0.1,train_mean,top200_hvg,1200,12000,541,200,5.699531515301893e-08,,-0.0682458066536418,0.2041359990835189,0.0894887074828147,0.2387775333714945,0.005,0.995,0.5,0.0023693246852346,0.0451466666666666,normal_replication_1_to_2
conch,human,skin,HSDX009_2,HSDX009,1,0.1,train_mean,marker_hvg_overlap,1200,12000,541,176,-3.74384630241753e-09,,-0.056639003155264,0.2066316306591034,0.0909853056073188,0.2302774970557627,0.0,1.0,0.5,0.0,0.0458058712121212,normal_replication_1_to_2
conch,human,skin,HSDX009_2,HSDX009,1,0.25,image,top50_hvg,3000,12000,541,50,0.3443527141353115,0.2892528027031495,-0.4381134784314781,0.3469208776950836,0.2251723110675811,0.40908154941995,0.4549721372899084,0.8847732598091533,0.6698726985495307,0.3384097147919652,0.330282061979553,normal_replication_1_to_2
conch,human,skin,HSDX009_2,HSDX009,1,0.25,image,top200_hvg,3000,12000,541,200,0.1676775150763978,0.1426945500163139,-0.2410528147371951,0.2075131833553314,0.1039963737130165,0.3856082610042575,0.1302083829859697,0.9691725218909596,0.5496904524384647,0.0998136835762888,0.1343396903503544,normal_replication_1_to_2
conch,human,skin,HSDX009_2,HSDX009,1,0.25,image,marker_hvg_overlap,3000,12000,541,176,0.1671465483437218,0.1440873046830194,-0.2298236447770085,0.2101276665925979,0.1054332479834556,0.3832739996859954,0.1277576484055268,0.97020313324693,0.5489803908262285,0.0991683026870339,0.132762025819515,normal_replication_1_to_2
conch,human,skin,HSDX009_2,HSDX009,1,0.25,train_mean,top50_hvg,3000,12000,541,50,-7.83945324034363e-08,,-0.1556354381934943,0.3442417085170746,0.2133939266204834,0.1756774299102516,0.0,1.0,0.5,0.0,0.1086466666666666,normal_replication_1_to_2
conch,human,skin,HSDX009_2,HSDX009,1,0.25,train_mean,top200_hvg,3000,12000,541,200,6.309238231860803e-09,,-0.0615058151810944,0.2039523720741272,0.0894129276275634,0.2399909680514363,0.0,1.0,0.5,0.0,0.0451466666666666,normal_replication_1_to_2
conch,human,skin,HSDX009_2,HSDX009,1,0.25,train_mean,marker_hvg_overlap,3000,12000,541,176,3.2251822298681983e-09,,-0.0515582518048218,0.2064581513404846,0.0909134969115257,0.2316069241766017,0.0,1.0,0.5,0.0,0.0458058712121212,normal_replication_1_to_2
conch,human,skin,HSDX009_2,HSDX009,1,1.0,image,top50_hvg,12000,12000,541,50,0.3593324788101018,0.2996307848650857,-0.3358859042823314,0.3403340280056,0.2198594808578491,0.4279058749423228,0.4623730679094767,0.8852473652446734,0.6738102165770751,0.3449801250966411,0.3388034452631846,normal_replication_1_to_2
conch,human,skin,HSDX009_2,HSDX009,1,1.0,image,top200_hvg,12000,12000,541,200,0.1874967235140502,0.158117465125092,-0.165175271097687,0.2036053985357284,0.0994773581624031,0.4037657951670829,0.1347497707382823,0.9689526404065504,0.5518512055724164,0.1029876341151711,0.1416821687725257,normal_replication_1_to_2
conch,human,skin,HSDX009_2,HSDX009,1,1.0,image,marker_hvg_overlap,12000,12000,541,176,0.1872407650225795,0.1599510179122076,-0.1592328756689147,0.2059909701347351,0.1010186374187469,0.4015722116201333,0.1314458623059555,0.9703260347976448,0.5508859485518002,0.1016465919015602,0.1405262815344622,normal_replication_1_to_2
conch,human,skin,HSDX009_2,HSDX009,1,1.0,train_mean,top50_hvg,12000,12000,541,50,-1.4778048509356268e-07,,-0.1597739182059012,0.3447456061840057,0.2144755274057388,0.1710628072647522,0.0,1.0,0.5,0.0,0.1086466666666666,normal_replication_1_to_2
conch,human,skin,HSDX009_2,HSDX009,1,1.0,train_mean,top200_hvg,12000,12000,541,200,-5.315636988800777e-08,,-0.0628879923196677,0.2041676640510559,0.0896940678358078,0.2378077990064712,0.0,1.0,0.5,0.0,0.0451466666666666,normal_replication_1_to_2
conch,human,skin,HSDX009_2,HSDX009,1,1.0,train_mean,marker_hvg_overlap,12000,12000,541,176,-4.737915545247808e-08,,-0.0523323023855756,0.206733152270317,0.0911899730563163,0.2290964274263172,0.0,1.0,0.5,0.0,0.0458058712121212,normal_replication_1_to_2
conch,human,skin,HSDX009_2,HSDX009,2,0.1,image,top50_hvg,1200,12000,541,50,0.320242565870285,0.2726543555481386,-0.6841565781878307,0.3557556867599487,0.2396786659955978,0.3939655832324417,0.4711527929625642,0.8659951749285334,0.6685739839455488,0.3389411790697811,0.3166424429491573,normal_replication_1_to_2
conch,human,skin,HSDX009_2,HSDX009,2,0.1,image,top200_hvg,1200,12000,541,200,0.1486531234526592,0.1289051389704933,-0.4162479785003233,0.2145213484764099,0.1150826960802078,0.3679615114389,0.1397202205322414,0.9635986151694232,0.5516594178508324,0.1057350425365998,0.1245385246684998,normal_replication_1_to_2
conch,human,skin,HSDX009_2,HSDX009,2,0.1,image,marker_hvg_overlap,1200,12000,541,176,0.1477914704108901,0.129730836426946,-0.3908110636786494,0.2166730761528015,0.1163043305277824,0.3673287481241202,0.1350620671447191,0.9643118806789588,0.5496869739118388,0.1022655397667053,0.1229182333086909,normal_replication_1_to_2
conch,human,skin,HSDX009_2,HSDX009,2,0.1,train_mean,top50_hvg,1200,12000,541,50,-2.6344113948084673e-08,,-0.2213821257548988,0.3462221026420593,0.2169883698225021,0.1601317779871174,0.02,0.98,0.5,0.0046486964206805,0.1086466666666666,normal_replication_1_to_2
conch,human,skin,HSDX009_2,HSDX009,2,0.1,train_mean,top200_hvg,1200,12000,541,200,-2.367527348930345e-08,,-0.0867604542603476,0.2049259096384048,0.0911793932318687,0.2308793842578899,0.005,0.995,0.5,0.0011621741051701,0.0451466666666666,normal_replication_1_to_2
conch,human,skin,HSDX009_2,HSDX009,2,0.1,train_mean,marker_hvg_overlap,1200,12000,541,176,-7.390031493922525e-08,,-0.070583319018872,0.2074404060840606,0.0924509391188621,0.222307436205201,0.0056818181818181,0.9943181818181818,0.5,0.0013206523922387,0.0458058712121212,normal_replication_1_to_2
conch,human,skin,HSDX009_2,HSDX009,2,0.25,image,top50_hvg,3000,12000,541,50,0.3469401913508773,0.2907710519702281,-0.4287313902936875,0.3492228388786316,0.2272100746631622,0.4154514781483502,0.4653880176060745,0.8800307679715681,0.6727093927888212,0.3441624905390839,0.3308767735358183,normal_replication_1_to_2
conch,human,skin,HSDX009_2,HSDX009,2,0.25,image,top200_hvg,3000,12000,541,200,0.1706318628718145,0.1458132370648805,-0.244246376507217,0.2089684158563614,0.1049028933048248,0.3906329909202932,0.1353219658736483,0.967364819489765,0.5513433926817066,0.1027976661225034,0.1341236952371955,normal_replication_1_to_2
conch,human,skin,HSDX009_2,HSDX009,2,0.25,image,marker_hvg_overlap,3000,12000,541,176,0.1709834155917633,0.1474917347834038,-0.236288727945066,0.2111782431602478,0.1064215824007988,0.3885545492108991,0.1331010874346082,0.9685210333277792,0.5508110603811937,0.1023800034835959,0.133530144156734,normal_replication_1_to_2
conch,human,skin,HSDX009_2,HSDX009,2,0.25,train_mean,top50_hvg,3000,12000,541,50,2.5571692903625374e-07,,-0.1555076966941123,0.3446552455425262,0.2137090116739273,0.1700623694815791,0.0,1.0,0.5,0.0,0.1086466666666666,normal_replication_1_to_2
conch,human,skin,HSDX009_2,HSDX009,2,0.25,train_mean,top200_hvg,3000,12000,541,200,1.1116661433607788e-08,,-0.0632131179388352,0.2041820883750915,0.0896855220198631,0.2365380309847276,0.0,1.0,0.5,0.0,0.0451466666666666,normal_replication_1_to_2
conch,human,skin,HSDX009_2,HSDX009,2,0.25,train_mean,marker_hvg_overlap,3000,12000,541,176,5.600928837138062e-08,,-0.0519345256595742,0.2067124396562576,0.0911640748381614,0.2279229279253871,0.0,1.0,0.5,0.0,0.0458058712121212,normal_replication_1_to_2
conch,human,skin,HSDX009_2,HSDX009,2,1.0,image,top50_hvg,12000,12000,541,50,0.3596576684340835,0.2999066758496467,-0.3227504966314882,0.3392888605594635,0.2187665551900863,0.4277232225847588,0.4607026454371767,0.8862863679327202,0.6734945066849485,0.3448337607677271,0.3385143413734763,normal_replication_1_to_2
conch,human,skin,HSDX009_2,HSDX009,2,1.0,image,top200_hvg,12000,12000,541,200,0.187524773098994,0.158133944962516,-0.1593283051921753,0.2030933797359466,0.0989611819386482,0.4036620452577976,0.1340372988318489,0.969264115519957,0.5516507071759029,0.1027733654866737,0.1414962487428438,normal_replication_1_to_2
conch,human,skin,HSDX009_2,HSDX009,2,1.0,image,marker_hvg_overlap,12000,12000,541,176,0.1872542201017495,0.1599416993846348,-0.1536579240260338,0.2054702192544937,0.1005207970738411,0.4014549079566197,0.1306740023416594,0.9706450218919572,0.5506595121168083,0.1013454393745843,0.1403649894926726,normal_replication_1_to_2
conch,human,skin,HSDX009_2,HSDX009,2,1.0,train_mean,top50_hvg,12000,12000,541,50,-1.4778048509356268e-07,,-0.1597739182059012,0.3447456061840057,0.2144755274057388,0.1710628072647522,0.0,1.0,0.5,0.0,0.1086466666666666,normal_replication_1_to_2
conch,human,skin,HSDX009_2,HSDX009,2,1.0,train_mean,top200_hvg,12000,12000,541,200,-5.315636988800777e-08,,-0.0628879923196677,0.2041676640510559,0.0896940678358078,0.2378077990064712,0.0,1.0,0.5,0.0,0.0451466666666666,normal_replication_1_to_2
conch,human,skin,HSDX009_2,HSDX009,2,1.0,train_mean,marker_hvg_overlap,12000,12000,541,176,-4.737915545247808e-08,,-0.0523323023855756,0.206733152270317,0.0911899730563163,0.2290964274263172,0.0,1.0,0.5,0.0,0.0458058712121212,normal_replication_1_to_2
conch,human,skin,HSPD012,HSDX009;HSDX009_2,0,0.1,image,top50_hvg,2400,12000,166,50,0.0964166199974715,0.0839932126175995,-0.177326756757684,0.4155153334140777,0.2192249447107315,0.1251882669950762,0.052799667510171,0.976407267539448,0.5146034675248095,0.0572005734984406,0.1956592493870503,normal_to_melanoma_addon
conch,human,skin,HSPD012,HSDX009;HSDX009_2,0,0.1,image,top200_hvg,2400,12000,166,129,0.0753361740386473,0.0700753664189169,-0.1858438127852278,0.3459729552268982,0.1402739882469177,0.1442087787097903,0.0211198670040684,0.9908555300540496,0.5058413870099238,0.0228802293993762,0.1433251407460257,normal_to_melanoma_addon
conch,human,skin,HSPD012,HSDX009;HSDX009_2,0,0.1,image,marker_hvg_overlap,2400,12000,166,103,0.0846294694352958,0.0788255539403435,-0.1353787374055438,0.3807731866836548,0.1707046777009964,0.1212869261479902,0.0256309065583354,0.9885472172521592,0.5070890619052473,0.0277672686885634,0.1703073415893992,normal_to_melanoma_addon
conch,human,skin,HSPD012,HSDX009;HSDX009_2,0,0.1,train_mean,top50_hvg,2400,12000,166,50,-3.903053729459316e-07,,-0.089492578129284,0.4083379805088043,0.1937795728445053,0.1380548975415391,0.0,1.0,0.5,0.0,0.1393533333333333,normal_to_melanoma_addon
conch,human,skin,HSPD012,HSDX009;HSDX009_2,0,0.1,train_mean,top200_hvg,2400,12000,166,129,-2.8735616551363576e-07,,-0.0839820117558556,0.3445823490619659,0.1241723671555519,0.1485140978673128,0.0,1.0,0.5,0.0,0.1054246666666666,normal_to_melanoma_addon
conch,human,skin,HSPD012,HSDX009;HSDX009_2,0,0.1,train_mean,marker_hvg_overlap,2400,12000,166,103,-2.0835521640260173e-07,,-0.0979189531709265,0.3791637122631073,0.1512365043163299,0.1175955116875865,0.0,1.0,0.5,0.0,0.1240477346278317,normal_to_melanoma_addon
conch,human,skin,HSPD012,HSDX009;HSDX009_2,0,0.25,image,top50_hvg,6000,12000,166,50,0.0931920565990731,0.0792659635148038,-0.1693743056000676,0.4114498496055603,0.2193941175937652,0.1284908843861724,0.0393560678736809,0.9816228893065164,0.5104894785900987,0.0435194716033748,0.1896898116251096,normal_to_melanoma_addon
conch,human,skin,HSPD012,HSDX009;HSDX009_2,0,0.25,image,top200_hvg,6000,12000,166,129,0.0761517941147056,0.0704126294370997,-0.1362529881660593,0.3437055051326751,0.1389033049345016,0.1528788793102681,0.0157424271494723,0.9928770888784948,0.5041957914360394,0.0174077886413499,0.1408546516973443,normal_to_melanoma_addon
conch,human,skin,HSPD012,HSDX009;HSDX009_2,0,0.25,image,marker_hvg_overlap,6000,12000,166,103,0.0834053706205947,0.0770092420107202,-0.12757602729326,0.378130704164505,0.1693641096353531,0.1259072460798961,0.0191048873173208,0.9910790724788916,0.5050919798981062,0.0211259570890169,0.1666867880914059,normal_to_melanoma_addon
conch,human,skin,HSPD012,HSDX009;HSDX009_2,0,0.25,train_mean,top50_hvg,6000,12000,166,50,7.611070133606291e-07,,-0.0882272381568327,0.4077948629856109,0.1955601871013641,0.1392069488956631,0.0,1.0,0.5,0.0,0.1393533333333333,normal_to_melanoma_addon
conch,human,skin,HSPD012,HSDX009;HSDX009_2,0,0.25,train_mean,top200_hvg,6000,12000,166,129,2.009256439278866e-07,,-0.0831019353123611,0.3442816734313965,0.1249879151582717,0.1495287454159378,0.0,1.0,0.5,0.0,0.1054246666666666,normal_to_melanoma_addon
conch,human,skin,HSPD012,HSDX009;HSDX009_2,0,0.25,train_mean,marker_hvg_overlap,6000,12000,166,103,2.359538562809018e-07,,-0.0969452191553871,0.3788217902183532,0.1522662341594696,0.1181664041546281,0.0,1.0,0.5,0.0,0.1240477346278317,normal_to_melanoma_addon
conch,human,skin,HSPD012,HSDX009;HSDX009_2,0,1.0,image,top50_hvg,24000,12000,166,50,0.0978751805191859,0.081250584127746,-0.138860645290697,0.4131621420383453,0.2131644189357757,0.116725302596667,0.0336237727238377,0.9857724943539452,0.5096981335388915,0.0376840470034942,0.1982310024533803,normal_to_melanoma_addon
conch,human,skin,HSPD012,HSDX009;HSDX009_2,0,1.0,image,top200_hvg,24000,12000,166,129,0.0767939192885533,0.0701109674980752,-0.0979242587301414,0.3448900282382965,0.134879469871521,0.1436536408568823,0.0134495090895351,0.9944854629278856,0.5038792534155566,0.0150736188013976,0.146247225628298,normal_to_melanoma_addon
conch,human,skin,HSPD012,HSDX009;HSDX009_2,0,1.0,image,marker_hvg_overlap,24000,12000,166,103,0.0950563139326246,0.0870486189468513,-0.1102146987469292,0.3795048892498016,0.1644355654716491,0.1169012429019192,0.0163222197688532,0.9930934438611384,0.5047078318149959,0.0182932267007253,0.1738247532651467,normal_to_melanoma_addon
conch,human,skin,HSPD012,HSDX009;HSDX009_2,0,1.0,train_mean,top50_hvg,24000,12000,166,50,-5.246716354179171e-07,,-0.0891264260048046,0.4083034098148346,0.1948355883359909,0.1345991687187517,0.0,1.0,0.5,0.0,0.1393533333333333,normal_to_melanoma_addon
conch,human,skin,HSPD012,HSDX009;HSDX009_2,0,1.0,train_mean,top200_hvg,24000,12000,166,129,-6.789342330648652e-08,,-0.0835197649304595,0.3445196449756622,0.1246500834822654,0.1471976990495606,0.0,1.0,0.5,0.0,0.1054246666666666,normal_to_melanoma_addon
conch,human,skin,HSPD012,HSDX009;HSDX009_2,0,1.0,train_mean,marker_hvg_overlap,24000,12000,166,103,-6.035988554714598e-09,,-0.0975037191275757,0.3790990710258484,0.1518479287624359,0.1157991952119499,0.0,1.0,0.5,0.0,0.1240477346278317,normal_to_melanoma_addon
conch,human,skin,HSPD012,HSDX009;HSDX009_2,1,0.1,image,top50_hvg,2400,12000,166,50,0.0690136086066922,0.0547132137978883,-0.2139134367369115,0.4226553738117218,0.2206522971391677,0.0580765058639206,0.0423532049259578,0.974137030559505,0.5082451177427313,0.0403757115818702,0.1800543962240012,normal_to_melanoma_addon
conch,human,skin,HSPD012,HSDX009;HSDX009_2,1,0.1,image,top200_hvg,2400,12000,166,129,0.064401243848503,0.0585123232995096,-0.1394587860113242,0.3492782413959503,0.1403757333755493,0.1046814878649523,0.0169412819703831,0.9899755932401182,0.5032980470970926,0.0161502846327481,0.1340403823026502,normal_to_melanoma_addon
conch,human,skin,HSPD012,HSDX009;HSDX009_2,1,0.1,image,marker_hvg_overlap,2400,12000,166,103,0.0694255129791617,0.0635966229643605,-0.1536016671404635,0.3844258189201355,0.1712044179439544,0.0799996384447934,0.0205598082164843,0.9874451604657792,0.5040024843411317,0.0195998599911991,0.1596527867716683,normal_to_melanoma_addon
conch,human,skin,HSPD012,HSDX009;HSDX009_2,1,0.1,train_mean,top50_hvg,2400,12000,166,50,-2.201978946914096e-07,,-0.0899710761965252,0.4084163904190063,0.1947450935840606,0.1331181108637153,0.0,1.0,0.5,0.0,0.1393533333333333,normal_to_melanoma_addon
conch,human,skin,HSPD012,HSDX009;HSDX009_2,1,0.1,train_mean,top200_hvg,2400,12000,166,129,-4.386192488579711e-07,,-0.0836689075549366,0.344461053609848,0.1246787682175636,0.147936592924011,0.0,1.0,0.5,0.0,0.1054246666666666,normal_to_melanoma_addon
conch,human,skin,HSPD012,HSDX009;HSDX009_2,1,0.1,train_mean,marker_hvg_overlap,2400,12000,166,103,-3.8148930533073627e-07,,-0.097563339536614,0.379050612449646,0.1518781185150146,0.1163655441238265,0.0,1.0,0.5,0.0,0.1240477346278317,normal_to_melanoma_addon
conch,human,skin,HSPD012,HSDX009;HSDX009_2,1,0.25,image,top50_hvg,6000,12000,166,50,0.0675142989866435,0.0546335824565623,-0.186022143443115,0.4190032184123993,0.2225852012634277,0.0866421033430537,0.0376561138554903,0.977415510800022,0.5075358123277561,0.0376546078792751,0.176827949005042,normal_to_melanoma_addon
conch,human,skin,HSPD012,HSDX009;HSDX009_2,1,0.25,image,top200_hvg,6000,12000,166,129,0.05979590928182,0.0542161236705408,-0.1342182041253545,0.3473621010780334,0.1399504840373993,0.1234223794284067,0.0150624455421961,0.9912463220155124,0.5030143249311024,0.01506184315171,0.1334375298319427,normal_to_melanoma_addon
conch,human,skin,HSPD012,HSDX009;HSDX009_2,1,0.25,image,marker_hvg_overlap,6000,12000,166,103,0.0666634717716573,0.0607052442104816,-0.1348625561889279,0.382347822189331,0.1706171333789825,0.095828545881041,0.0182796669201409,0.989036655728166,0.5036581613241535,0.0182789358637258,0.158004605563512,normal_to_melanoma_addon
conch,human,skin,HSPD012,HSDX009;HSDX009_2,1,0.25,train_mean,top50_hvg,6000,12000,166,50,9.206314757648217e-08,,-0.0884374484256841,0.4080189764499664,0.1946179121732711,0.1393114905220424,0.0,1.0,0.5,0.0,0.1393533333333333,normal_to_melanoma_addon
conch,human,skin,HSPD012,HSDX009;HSDX009_2,1,0.25,train_mean,top200_hvg,6000,12000,166,129,1.530724015483627e-07,,-0.0831996723845131,0.3444155156612396,0.1246283277869224,0.1490459242218836,0.0,1.0,0.5,0.0,0.1054246666666666,normal_to_melanoma_addon
conch,human,skin,HSPD012,HSDX009;HSDX009_2,1,0.25,train_mean,marker_hvg_overlap,6000,12000,166,103,9.515037757054619e-08,,-0.0970617142783277,0.3789687752723694,0.1518218517303466,0.1178804428364621,0.0,1.0,0.5,0.0,0.1240477346278317,normal_to_melanoma_addon
conch,human,skin,HSPD012,HSDX009;HSDX009_2,1,1.0,image,top50_hvg,24000,12000,166,50,0.0930476357322186,0.0765885393845489,-0.1455607287504244,0.4142355024814605,0.214406281709671,0.1145061450461744,0.0315261862970434,0.9860380459095146,0.508782116103279,0.0366441627188365,0.1953117451862077,normal_to_melanoma_addon
conch,human,skin,HSPD012,HSDX009;HSDX009_2,1,1.0,image,top200_hvg,24000,12000,166,129,0.0755420861759921,0.0690397362462135,-0.1008503441363573,0.3453381657600403,0.1354160904884338,0.1423419117216837,0.0126104745188173,0.9945883898874086,0.5035128464413116,0.0146576650875346,0.1452195774751409,normal_to_melanoma_addon
conch,human,skin,HSPD012,HSDX009;HSDX009_2,1,1.0,image,marker_hvg_overlap,24000,12000,166,103,0.0937330214492072,0.0859629136945065,-0.1133378632683126,0.3800045549869537,0.1650996804237365,0.1160799220759265,0.0153039739306036,0.9932223523832596,0.5042631631569315,0.0177884285042896,0.1726497994356606,normal_to_melanoma_addon
conch,human,skin,HSPD012,HSDX009;HSDX009_2,1,1.0,train_mean,top50_hvg,24000,12000,166,50,-5.246716354179171e-07,,-0.0891264260048046,0.4083034098148346,0.1948355883359909,0.1345991687187517,0.0,1.0,0.5,0.0,0.1393533333333333,normal_to_melanoma_addon
conch,human,skin,HSPD012,HSDX009;HSDX009_2,1,1.0,train_mean,top200_hvg,24000,12000,166,129,-6.789342330648652e-08,,-0.0835197649304595,0.3445196449756622,0.1246500834822654,0.1471976990495606,0.0,1.0,0.5,0.0,0.1054246666666666,normal_to_melanoma_addon
conch,human,skin,HSPD012,HSDX009;HSDX009_2,1,1.0,train_mean,marker_hvg_overlap,24000,12000,166,103,-6.035988554714598e-09,,-0.0975037191275757,0.3790990710258484,0.1518479287624359,0.1157991952119499,0.0,1.0,0.5,0.0,0.1240477346278317,normal_to_melanoma_addon
conch,human,skin,HSPD012,HSDX009;HSDX009_2,2,0.1,image,top50_hvg,2400,12000,166,50,0.062737832708517,0.0492758916446018,-0.2979823183454573,0.4235953092575073,0.2265436500310897,0.0617988204981406,0.0362658780016309,0.980684366921562,0.5084751224615967,0.0420360493922792,0.1777213257703042,normal_to_melanoma_addon
conch,human,skin,HSPD012,HSDX009;HSDX009_2,2,0.1,image,top200_hvg,2400,12000,166,129,0.0489750376052368,0.0428495170837826,-0.2306528991989908,0.3504510521888733,0.1420709639787674,0.0984839138477546,0.0145063512006523,0.9925133205122332,0.5033900489846386,0.0168144197569117,0.1286969145721422,normal_to_melanoma_addon
conch,human,skin,HSPD012,HSDX009;HSDX009_2,2,0.1,image,marker_hvg_overlap,2400,12000,166,103,0.0538286210252337,0.0475860330222079,-0.1975640735625135,0.3855268955230713,0.1731574535369873,0.0755941241421212,0.0176047951464227,0.990623479088137,0.5041141371172798,0.020405849219553,0.1527791987965427,normal_to_melanoma_addon
conch,human,skin,HSPD012,HSDX009;HSDX009_2,2,0.1,train_mean,top50_hvg,2400,12000,166,50,-3.860958538126624e-07,,-0.0914970846357755,0.4081680476665497,0.1950414478778839,0.1350740209702237,0.0,1.0,0.5,0.0,0.1393533333333333,normal_to_melanoma_addon
conch,human,skin,HSPD012,HSDX009;HSDX009_2,2,0.1,train_mean,top200_hvg,2400,12000,166,129,-4.0382949508728897e-07,,-0.0847592777395329,0.3444498181343078,0.1246333643794059,0.1481645654785009,0.0,1.0,0.5,0.0,0.1054246666666666,normal_to_melanoma_addon
conch,human,skin,HSPD012,HSDX009;HSDX009_2,2,0.1,train_mean,marker_hvg_overlap,2400,12000,166,103,-4.975482285346391e-07,,-0.0989595436530913,0.379008948802948,0.1518259644508361,0.117180662805521,0.0,1.0,0.5,0.0,0.1240477346278317,normal_to_melanoma_addon
conch,human,skin,HSPD012,HSDX009;HSDX009_2,2,0.25,image,top50_hvg,6000,12000,166,50,0.0799844308337196,0.0667648768415263,-0.1908906545955687,0.4224458932876587,0.2191518694162368,0.0736893845140728,0.033555663709871,0.9866499214117376,0.5101027925608044,0.0374134370039072,0.185765846559209,normal_to_melanoma_addon
conch,human,skin,HSPD012,HSDX009;HSDX009_2,2,0.25,image,top200_hvg,6000,12000,166,129,0.0664049474751287,0.0614798408122315,-0.1249783156632911,0.3497793078422546,0.1374835819005966,0.1072188056333992,0.0134222654839484,0.9948255509347822,0.5040411170243217,0.0149653748015628,0.1370479445788684,normal_to_melanoma_addon
conch,human,skin,HSPD012,HSDX009;HSDX009_2,2,0.25,image,marker_hvg_overlap,6000,12000,166,103,0.0780267367767875,0.0725447143868663,-0.1402670598851101,0.3848767578601837,0.1676470786333084,0.0838797633308708,0.016289157140714,0.9935193793260862,0.5049042682334002,0.0181618626232559,0.16327923992051,normal_to_melanoma_addon
conch,human,skin,HSPD012,HSDX009;HSDX009_2,2,0.25,train_mean,top50_hvg,6000,12000,166,50,-5.662176502596594e-07,,-0.0880957249295897,0.4079324007034302,0.1945871263742447,0.140251718127318,0.0,1.0,0.5,0.0,0.1393533333333333,normal_to_melanoma_addon
conch,human,skin,HSPD012,HSDX009;HSDX009_2,2,0.25,train_mean,top200_hvg,6000,12000,166,129,-1.524975904481621e-07,,-0.0832149908332467,0.3443833589553833,0.1245267763733863,0.1500463169754165,0.0,1.0,0.5,0.0,0.1054246666666666,normal_to_melanoma_addon
conch,human,skin,HSPD012,HSDX009;HSDX009_2,2,0.25,train_mean,marker_hvg_overlap,6000,12000,166,103,-2.621823545495399e-07,,-0.0971570311958909,0.3789528012275696,0.1516927927732467,0.1184888860632196,0.0,1.0,0.5,0.0,0.1240477346278317,normal_to_melanoma_addon
conch,human,skin,HSPD012,HSDX009;HSDX009_2,2,1.0,image,top50_hvg,24000,12000,166,50,0.0915421671443618,0.0763572331176534,-0.1438221266679465,0.4146403968334198,0.2147274017333984,0.1108174468439211,0.0328610171432727,0.9851698453103126,0.5090154312267926,0.0367581663961999,0.1946019114258006,normal_to_melanoma_addon
conch,human,skin,HSPD012,HSDX009;HSDX009_2,2,1.0,image,top200_hvg,24000,12000,166,129,0.0745125160680618,0.0685467450972445,-0.1005395471591036,0.3455244898796081,0.1355369091033935,0.139560599010634,0.0131444068573091,0.9942518780272528,0.503606172490717,0.0147032665584799,0.1449463745039516,normal_to_melanoma_addon
conch,human,skin,HSPD012,HSDX009;HSDX009_2,2,1.0,image,marker_hvg_overlap,24000,12000,166,103,0.0924434789534979,0.0852927080255055,-0.1125604314941492,0.3802127838134765,0.1652466505765915,0.1129897761498748,0.0159519500695498,0.9928008957817052,0.5043764229256276,0.0178437700952426,0.1723010599029464,normal_to_melanoma_addon
conch,human,skin,HSPD012,HSDX009;HSDX009_2,2,1.0,train_mean,top50_hvg,24000,12000,166,50,-5.246716354179171e-07,,-0.0891264260048046,0.4083034098148346,0.1948355883359909,0.1345991687187517,0.0,1.0,0.5,0.0,0.1393533333333333,normal_to_melanoma_addon
conch,human,skin,HSPD012,HSDX009;HSDX009_2,2,1.0,train_mean,top200_hvg,24000,12000,166,129,-6.789342330648652e-08,,-0.0835197649304595,0.3445196449756622,0.1246500834822654,0.1471976990495606,0.0,1.0,0.5,0.0,0.1054246666666666,normal_to_melanoma_addon
conch,human,skin,HSPD012,HSDX009;HSDX009_2,2,1.0,train_mean,marker_hvg_overlap,24000,12000,166,103,-6.035988554714598e-09,,-0.0975037191275757,0.3790990710258484,0.1518479287624359,0.1157991952119499,0.0,1.0,0.5,0.0,0.1240477346278317,normal_to_melanoma_addon
conch,human,skin,PDHS029,HSDX009;HSDX009_2,0,0.1,image,top50_hvg,2400,12000,116,50,0.0426570418861229,0.0360882471399187,-0.8053322268882767,0.2783904373645782,0.1227060407400131,0.071986088735962,0.0246198163904384,0.9892168543681716,0.5069183353793051,0.0217217161223566,0.0859348519761424,normal_to_melanoma_prime
conch,human,skin,PDHS029,HSDX009;HSDX009_2,0,0.1,image,top200_hvg,2400,12000,116,109,0.0290174402188947,0.0258493935192592,-0.5868387256987797,0.2235447317361831,0.0740896984934806,0.081681624033718,0.0120685374462933,0.9950536029211796,0.5033913408722084,0.0106479000599787,0.0542118840851325,normal_to_melanoma_prime
conch,human,skin,PDHS029,HSDX009;HSDX009_2,0,0.1,image,marker_hvg_overlap,2400,12000,116,94,0.0310283278024066,0.0278298092337518,-0.5847441346032862,0.2386717498302459,0.0839304104447364,0.0736798154702413,0.0130956470161906,0.9942642842383892,0.5036799656272899,0.0115541043204024,0.057588816397505,normal_to_melanoma_prime
conch,human,skin,PDHS029,HSDX009;HSDX009_2,0,0.1,train_mean,top50_hvg,2400,12000,116,50,9.62656076879398e-07,,-0.1456151701131602,0.269181877374649,0.1050411611795425,0.0929740097480237,0.0,1.0,0.5,0.0,0.0673716666666666,normal_to_melanoma_prime
conch,human,skin,PDHS029,HSDX009;HSDX009_2,0,0.1,train_mean,top200_hvg,2400,12000,116,109,4.041344695660986e-07,,-0.0861583713652661,0.2176362127065658,0.0604902990162372,0.1171619465571155,0.0,1.0,0.5,0.0,0.0435343137254901,normal_to_melanoma_prime
conch,human,skin,PDHS029,HSDX009;HSDX009_2,0,0.1,train_mean,marker_hvg_overlap,2400,12000,116,94,4.284847087639774e-07,,-0.0925191651890116,0.2323189228773117,0.0687901973724365,0.1062347968287261,0.0,1.0,0.5,0.0,0.0458794326241134,normal_to_melanoma_prime
conch,human,skin,PDHS029,HSDX009;HSDX009_2,0,0.25,image,top50_hvg,6000,12000,116,50,0.057637307299301,0.0530622130647371,-0.6857952524139546,0.2748265266418457,0.1235155835747718,0.1040761060039779,0.0245530323846401,0.9849878313748888,0.5047704318797644,0.0163115038182819,0.089039472977729,normal_to_melanoma_prime
conch,human,skin,PDHS029,HSDX009;HSDX009_2,0,0.25,image,top200_hvg,6000,12000,116,109,0.0373754311876837,0.0350584043651654,-0.4034028761672351,0.2209125012159347,0.0730441510677337,0.1186108507323955,0.012035800188549,0.9931136841169216,0.5023384469998845,0.0079958352050401,0.0561339448261694,normal_to_melanoma_prime
conch,human,skin,PDHS029,HSDX009;HSDX009_2,0,0.25,image,marker_hvg_overlap,6000,12000,116,94,0.0386791031540153,0.0362303901997502,-0.4322360782522431,0.2358754575252533,0.0830208733677864,0.1082451341186619,0.0130601236088511,0.9920148039228132,0.5025374637658322,0.008676331818235,0.0594711652079344,normal_to_melanoma_prime
conch,human,skin,PDHS029,HSDX009;HSDX009_2,0,0.25,train_mean,top50_hvg,6000,12000,116,50,-3.517192078561493e-07,,-0.1651568549589137,0.2693299651145935,0.1067689359188079,0.0897245128471441,0.0,1.0,0.5,0.0,0.0673716666666666,normal_to_melanoma_prime
conch,human,skin,PDHS029,HSDX009;HSDX009_2,0,0.25,train_mean,top200_hvg,6000,12000,116,109,-1.1968258588714457e-07,,-0.0946168676466685,0.2177296131849289,0.0613644868135452,0.115347339126769,0.0,1.0,0.5,0.0,0.0435343137254901,normal_to_melanoma_prime
conch,human,skin,PDHS029,HSDX009;HSDX009_2,0,0.25,train_mean,marker_hvg_overlap,6000,12000,116,94,-8.187136606016022e-08,,-0.1018615634882812,0.232420414686203,0.0698122158646583,0.1041627197380416,0.0,1.0,0.5,0.0,0.0458794326241134,normal_to_melanoma_prime
conch,human,skin,PDHS029,HSDX009;HSDX009_2,0,1.0,image,top50_hvg,24000,12000,116,50,0.0643703999393619,0.0570929336706549,-0.4794098689081147,0.2751238346099853,0.1177715510129928,0.0769909121112054,0.025197871026228,0.9880864628277204,0.5066421669269743,0.017513883528578,0.0922414178372994,normal_to_melanoma_prime
conch,human,skin,PDHS029,HSDX009;HSDX009_2,0,1.0,image,top200_hvg,24000,12000,116,109,0.0434837856526285,0.0391414676297371,-0.2747513473903596,0.221021756529808,0.0686972439289093,0.1015041461653633,0.0123518975618765,0.9945350746916148,0.5032559641798894,0.0085852370238127,0.0589748643678402,normal_to_melanoma_prime
conch,human,skin,PDHS029,HSDX009;HSDX009_2,0,1.0,image,marker_hvg_overlap,24000,12000,116,94,0.0466333491829263,0.0419764696324492,-0.2955606010583962,0.236002966761589,0.0780949220061302,0.0903616207331821,0.0134031228862915,0.9936630121424044,0.503533067514348,0.0093158954939244,0.0625460873437039,normal_to_melanoma_prime
conch,human,skin,PDHS029,HSDX009;HSDX009_2,0,1.0,train_mean,top50_hvg,24000,12000,116,50,6.101922827994599e-07,,-0.1496290859158034,0.2691563367843628,0.1058117672801017,0.0917250961253535,0.0,1.0,0.5,0.0,0.0673716666666666,normal_to_melanoma_prime
conch,human,skin,PDHS029,HSDX009;HSDX009_2,0,1.0,train_mean,top200_hvg,24000,12000,116,109,3.716776699485786e-07,,-0.0869582579729663,0.2176168709993362,0.0608824975788593,0.1168981526736689,0.0,1.0,0.5,0.0,0.0435343137254901,normal_to_melanoma_prime
conch,human,skin,PDHS029,HSDX009;HSDX009_2,0,1.0,train_mean,marker_hvg_overlap,24000,12000,116,94,3.862244550939649e-07,,-0.0935801269068256,0.232300266623497,0.0692543610930442,0.1057270719090558,0.0,1.0,0.5,0.0,0.0458794326241134,normal_to_melanoma_prime
conch,human,skin,PDHS029,HSDX009;HSDX009_2,1,0.1,image,top50_hvg,2400,12000,116,50,0.0369565120036713,0.0337257242818663,-0.8051389505714178,0.2835035324096679,0.1287398636341095,0.0425107014500177,0.0161953780207384,0.9886638316736822,0.5024296048472103,0.0116279889953832,0.0799353762528259,normal_to_melanoma_prime
conch,human,skin,PDHS029,HSDX009;HSDX009_2,1,0.1,image,top200_hvg,2400,12000,116,109,0.0261546050173867,0.024437771143206,-0.5791983881237113,0.2260036766529083,0.0766723677515983,0.0651119275900842,0.0079389107944796,0.9947999227860927,0.5011909827682404,0.00569999460558,0.0526364741806739,normal_to_melanoma_prime
conch,human,skin,PDHS029,HSDX009;HSDX009_2,1,0.1,image,marker_hvg_overlap,2400,12000,116,94,0.0274184149044055,0.0257033673093947,-0.6267765787246815,0.2412919700145721,0.08719202876091,0.0578149735262843,0.0086145627769885,0.993970123230682,0.5012923430038353,0.0061851005294591,0.0559329624353193,normal_to_melanoma_prime
conch,human,skin,PDHS029,HSDX009;HSDX009_2,1,0.1,train_mean,top50_hvg,2400,12000,116,50,1.2814935779204006e-07,,-0.1410209476359887,0.268815666437149,0.1056691333651542,0.0981824166856191,0.0,1.0,0.5,0.0,0.0673716666666666,normal_to_melanoma_prime
conch,human,skin,PDHS029,HSDX009;HSDX009_2,1,0.1,train_mean,top200_hvg,2400,12000,116,109,7.277337278577851e-08,,-0.0810662119683933,0.2174437195062637,0.0608600564301013,0.1205687858279739,0.0,1.0,0.5,0.0,0.0435343137254901,normal_to_melanoma_prime
conch,human,skin,PDHS029,HSDX009;HSDX009_2,1,0.1,train_mean,marker_hvg_overlap,2400,12000,116,94,1.432112567584422e-07,,-0.0872378503180858,0.2321185022592544,0.0692073553800582,0.1094318734992016,0.0,1.0,0.5,0.0,0.0458794326241134,normal_to_melanoma_prime
conch,human,skin,PDHS029,HSDX009;HSDX009_2,1,0.25,image,top50_hvg,6000,12000,116,50,0.0495142826158553,0.043476187635891,-0.7451832261044182,0.2784521877765655,0.1219440102577209,0.0642919323091778,0.0266375358509414,0.986511085236827,0.5065743105438841,0.0195860870166415,0.0885159049454595,normal_to_melanoma_prime
conch,human,skin,PDHS029,HSDX009;HSDX009_2,1,0.25,image,top200_hvg,6000,12000,116,109,0.0322952365368661,0.0291324142041246,-0.4919892964968383,0.22304467856884,0.0724836438894271,0.0879257151522856,0.0130576156132065,0.9938124244205628,0.5032227012470021,0.0096010230473733,0.0555744939380311,normal_to_melanoma_prime
conch,human,skin,PDHS029,HSDX009;HSDX009_2,1,0.25,image,marker_hvg_overlap,6000,12000,116,94,0.0345528899540906,0.0312036398266801,-0.5258736075813935,0.238063246011734,0.0824181959033012,0.0783170230818627,0.0141689020483731,0.9928250453387376,0.5034969736935555,0.0104181313918306,0.0589765363218982,normal_to_melanoma_prime
conch,human,skin,PDHS029,HSDX009;HSDX009_2,1,0.25,train_mean,top50_hvg,6000,12000,116,50,4.045487804660297e-07,,-0.1566342656340566,0.2693813145160675,0.1058234795928001,0.0890664936075121,0.0,1.0,0.5,0.0,0.0673716666666666,normal_to_melanoma_prime
conch,human,skin,PDHS029,HSDX009;HSDX009_2,1,0.25,train_mean,top200_hvg,6000,12000,116,109,1.9893527651231694e-07,,-0.091627679355351,0.2177408188581466,0.0609413832426071,0.11473443645219,0.0,1.0,0.5,0.0,0.0435343137254901,normal_to_melanoma_prime
conch,human,skin,PDHS029,HSDX009;HSDX009_2,1,0.25,train_mean,marker_hvg_overlap,6000,12000,116,94,1.688587636430931e-07,,-0.0985796079115489,0.2324306368827819,0.0693359822034835,0.1035994505250149,0.0,1.0,0.5,0.0,0.0458794326241134,normal_to_melanoma_prime
conch,human,skin,PDHS029,HSDX009;HSDX009_2,1,1.0,image,top50_hvg,24000,12000,116,50,0.0612528967420803,0.0541426654012935,-0.4968360566889169,0.2749562859535217,0.1169971600174903,0.0717270059535425,0.0226238046499714,0.9895969240136612,0.5061103643318163,0.0160995915915776,0.0908898141992948,normal_to_melanoma_prime
conch,human,skin,PDHS029,HSDX009;HSDX009_2,1,1.0,image,top200_hvg,24000,12000,116,109,0.0420581727373834,0.0377910301423095,-0.2831093198902261,0.220934584736824,0.0682969614863395,0.0974977235270491,0.0110901003186134,0.9952279467952574,0.5029952766332433,0.007891956662538,0.0584777484136001,normal_to_melanoma_prime
conch,human,skin,PDHS029,HSDX009;HSDX009_2,1,1.0,image,marker_hvg_overlap,24000,12000,116,94,0.045087584724202,0.0405041177492744,-0.3043831345384341,0.2359037548303604,0.077638491988182,0.086313216418218,0.0120339386436018,0.9944664489434368,0.5032501937935193,0.0085636125487115,0.0620002595843857,normal_to_melanoma_prime
conch,human,skin,PDHS029,HSDX009;HSDX009_2,1,1.0,train_mean,top50_hvg,24000,12000,116,50,6.101922827994599e-07,,-0.1496290859158034,0.2691563367843628,0.1058117672801017,0.0917250961253535,0.0,1.0,0.5,0.0,0.0673716666666666,normal_to_melanoma_prime
conch,human,skin,PDHS029,HSDX009;HSDX009_2,1,1.0,train_mean,top200_hvg,24000,12000,116,109,3.716776699485786e-07,,-0.0869582579729663,0.2176168709993362,0.0608824975788593,0.1168981526736689,0.0,1.0,0.5,0.0,0.0435343137254901,normal_to_melanoma_prime
conch,human,skin,PDHS029,HSDX009;HSDX009_2,1,1.0,train_mean,marker_hvg_overlap,24000,12000,116,94,3.862244550939649e-07,,-0.0935801269068256,0.232300266623497,0.0692543610930442,0.1057270719090558,0.0,1.0,0.5,0.0,0.0458794326241134,normal_to_melanoma_prime
conch,human,skin,PDHS029,HSDX009;HSDX009_2,2,0.1,image,top50_hvg,2400,12000,116,50,0.03078949382063,0.0260138313741631,-0.9628366864752024,0.2860495150089264,0.1320822685956955,0.0561970867857807,0.0318858767177629,0.9774500385795316,0.5046679576486472,0.0171503515146382,0.0812609260043982,normal_to_melanoma_prime
conch,human,skin,PDHS029,HSDX009;HSDX009_2,2,0.1,image,top200_hvg,2400,12000,116,109,0.0227908089024519,0.020195441984447,-0.5936408192104079,0.2274559289216995,0.0782279819250106,0.0788100245929964,0.0156303317243935,0.9896559809997852,0.5022882145336506,0.0084070350561952,0.0518858148516759,normal_to_melanoma_prime
conch,human,skin,PDHS029,HSDX009;HSDX009_2,2,0.1,image,marker_hvg_overlap,2400,12000,116,94,0.0235866891478078,0.0209204984681734,-0.6257200994817701,0.2429193705320358,0.0890625864267349,0.070208341872716,0.0169605727222143,0.9880053396699636,0.5024829561960888,0.0091225274014033,0.0550067435760148,normal_to_melanoma_prime
conch,human,skin,PDHS029,HSDX009;HSDX009_2,2,0.1,train_mean,top50_hvg,2400,12000,116,50,1.944509083516132e-07,,-0.1676481496860287,0.2693136930465698,0.1058983877301216,0.0901798475972919,0.0,1.0,0.5,0.0,0.0673716666666666,normal_to_melanoma_prime
conch,human,skin,PDHS029,HSDX009;HSDX009_2,2,0.1,train_mean,top200_hvg,2400,12000,116,109,1.5260474879992314e-07,,-0.0944482913226987,0.2176942080259323,0.0609083287417888,0.1158297218796081,0.0,1.0,0.5,0.0,0.0435343137254901,normal_to_melanoma_prime
conch,human,skin,PDHS029,HSDX009;HSDX009_2,2,0.1,train_mean,marker_hvg_overlap,2400,12000,116,94,1.443675467910032e-07,,-0.1016699330305702,0.2323803901672363,0.0692923367023468,0.1047760770751854,0.0,1.0,0.5,0.0,0.0458794326241134,normal_to_melanoma_prime
conch,human,skin,PDHS029,HSDX009;HSDX009_2,2,0.25,image,top50_hvg,6000,12000,116,50,0.0426390250604163,0.0367596699885393,-0.5342694539763033,0.2796463966369629,0.1216354072093963,0.0487344733029927,0.0269297287996367,0.9855753748450808,0.5062525518223587,0.0178592833114079,0.0835837262821057,normal_to_melanoma_prime
conch,human,skin,PDHS029,HSDX009;HSDX009_2,2,0.25,image,top200_hvg,6000,12000,116,109,0.030086211430787,0.0274120795131436,-0.3545087276546053,0.2237079441547393,0.0717310309410095,0.0786099800776035,0.0132008474508023,0.9933831994702206,0.5030649763835092,0.008754550642847,0.0533928734825196,normal_to_melanoma_prime
conch,human,skin,PDHS029,HSDX009;HSDX009_2,2,0.25,image,marker_hvg_overlap,6000,12000,116,94,0.0299697317600766,0.0270347599465235,-0.3825599690162368,0.2389451414346695,0.081569142639637,0.0674354052384858,0.0143243238295939,0.9923273270452558,0.503325825437425,0.0094996187826638,0.0561858491804499,normal_to_melanoma_prime
conch,human,skin,PDHS029,HSDX009;HSDX009_2,2,0.25,train_mean,top50_hvg,6000,12000,116,50,-4.5906890311364645e-07,,-0.1470220081065781,0.2693252563476562,0.1056843996047973,0.0892431639423891,0.0,1.0,0.5,0.0,0.0673716666666666,normal_to_melanoma_prime
conch,human,skin,PDHS029,HSDX009;HSDX009_2,2,0.25,train_mean,top200_hvg,6000,12000,116,109,-3.473618726580044e-07,,-0.0858148982661077,0.2177140861749649,0.0607430003583431,0.1153019211760335,0.0,1.0,0.5,0.0,0.0435343137254901,normal_to_melanoma_prime
conch,human,skin,PDHS029,HSDX009;HSDX009_2,2,0.25,train_mean,marker_hvg_overlap,6000,12000,116,94,-3.420483058446513e-07,,-0.0923594353529203,0.2324089109897613,0.069088876247406,0.1041111493539681,0.0,1.0,0.5,0.0,0.0458794326241134,normal_to_melanoma_prime
conch,human,skin,PDHS029,HSDX009;HSDX009_2,2,1.0,image,top50_hvg,24000,12000,116,50,0.0636759875889401,0.0568405308248449,-0.5052485409355723,0.2750746011734009,0.1169180497527122,0.0743032648883375,0.0235181452747984,0.9890726299532432,0.5062953876140207,0.016834612127739,0.0913191898080792,normal_to_melanoma_prime
conch,human,skin,PDHS029,HSDX009;HSDX009_2,2,1.0,image,top200_hvg,24000,12000,116,109,0.0429621320497472,0.0389313599566559,-0.2871862516781844,0.2210005521774292,0.0682348981499672,0.0990416781317173,0.0115285025856855,0.9949874449326802,0.5030859743205984,0.0082522608469309,0.0585646572107262,normal_to_melanoma_prime
conch,human,skin,PDHS029,HSDX009;HSDX009_2,2,1.0,image,marker_hvg_overlap,24000,12000,116,94,0.0458752344494953,0.0415189951244507,-0.3087652839331372,0.2359807342290878,0.0775562971830368,0.0880110566370945,0.012509651741914,0.9941875691240654,0.5033486104329897,0.0089545809190101,0.0620591839958441,normal_to_melanoma_prime
conch,human,skin,PDHS029,HSDX009;HSDX009_2,2,1.0,train_mean,top50_hvg,24000,12000,116,50,6.101922827994599e-07,,-0.1496290859158034,0.2691563367843628,0.1058117672801017,0.0917250961253535,0.0,1.0,0.5,0.0,0.0673716666666666,normal_to_melanoma_prime
conch,human,skin,PDHS029,HSDX009;HSDX009_2,2,1.0,train_mean,top200_hvg,24000,12000,116,109,3.716776699485786e-07,,-0.0869582579729663,0.2176168709993362,0.0608824975788593,0.1168981526736689,0.0,1.0,0.5,0.0,0.0435343137254901,normal_to_melanoma_prime
conch,human,skin,PDHS029,HSDX009;HSDX009_2,2,1.0,train_mean,marker_hvg_overlap,24000,12000,116,94,3.862244550939649e-07,,-0.0935801269068256,0.232300266623497,0.0692543610930442,0.1057270719090558,0.0,1.0,0.5,0.0,0.0458794326241134,normal_to_melanoma_prime
conch,human,skin,HSDX009,HSPD012;PDHS029,0,0.1,image,top50_hvg,2400,12000,92,50,0.0634993147128261,0.0616035171454949,-2.814665464051068,0.2720750272274017,0.1606651097536087,0.2311663690927167,0.0918814632230332,0.9486614722703316,0.5202714677466824,0.0672298552068696,0.0783891259652925,melanoma_to_normal_1
conch,human,skin,HSDX009,HSPD012;PDHS029,0,0.1,image,top200_hvg,2400,12000,92,90,0.0498287764984477,0.0487751829940667,-1.8869895626827733,0.2131678014993667,0.102981150150299,0.2297133699286618,0.056062259778573,0.9714689348034116,0.5123738380131099,0.0410671462127745,0.055306042230991,melanoma_to_normal_1
conch,human,skin,HSDX009,HSPD012;PDHS029,0,0.1,image,marker_hvg_overlap,2400,12000,92,70,0.0545781131018884,0.0534452762053741,-2.1183173241892037,0.2390545457601547,0.1282730400562286,0.2239935690552255,0.0652229891264409,0.96385326966087,0.5145381293936554,0.0476936492374975,0.0641866985910657,melanoma_to_normal_1
conch,human,skin,HSDX009,HSPD012;PDHS029,0,0.1,train_mean,top50_hvg,2400,12000,92,50,-8.528515596850638e-08,,-3.3571621112525465,0.2590252459049225,0.1607262790203094,0.1180166827816021,0.02,0.98,0.5,0.0001560554494894,0.0503483333333333,melanoma_to_normal_1
conch,human,skin,HSDX009,HSPD012;PDHS029,0,0.1,train_mean,top200_hvg,2400,12000,92,90,1.516728773687248e-07,,-2.0676585269991445,0.2033149152994156,0.0979420691728591,0.1578498546659899,0.0121951219512195,0.9888888888888888,0.5,9.515576188384112e-05,0.0359044715447154,melanoma_to_normal_1
conch,human,skin,HSDX009,HSPD012;PDHS029,0,0.1,train_mean,marker_hvg_overlap,2400,12000,92,70,1.469960060975138e-07,,-2.390139063916493,0.2286281138658523,0.1219121292233467,0.1333917471895792,0.0142857142857142,0.9857142857142858,0.5,0.0001114681782067,0.0414392857142857,melanoma_to_normal_1
conch,human,skin,HSDX009,HSPD012;PDHS029,0,0.25,image,top50_hvg,6000,12000,92,50,0.0716118995612487,0.0692492098055382,-1.9239635891932996,0.2593386769294739,0.1466991603374481,0.2452936871804711,0.0826487999038031,0.9578022304261734,0.5202255151649883,0.0642735461403162,0.0817550598214395,melanoma_to_normal_1
conch,human,skin,HSDX009,HSPD012;PDHS029,0,0.25,image,top200_hvg,6000,12000,92,90,0.0554926367761951,0.0540162506862015,-1.2409325530851918,0.2033915370702743,0.0923574045300483,0.2491128069027775,0.0504251915578441,0.9765482072124712,0.512342709493083,0.0392499229596721,0.0576568122520535,melanoma_to_normal_1
conch,human,skin,HSDX009,HSPD012;PDHS029,0,0.25,image,marker_hvg_overlap,6000,12000,92,70,0.060734261268018,0.0591316234388864,-1.4029380970567995,0.2284706085920334,0.1153554618358612,0.241656186195974,0.0589195288582739,0.9700726959095978,0.5144961123839358,0.0457772739378694,0.0668480324710704,melanoma_to_normal_1
conch,human,skin,HSDX009,HSPD012;PDHS029,0,0.25,train_mean,top50_hvg,6000,12000,92,50,-2.0552512665972245e-07,,-3.387456900638645,0.2589505016803741,0.1601274162530899,0.1205794511342174,0.02,0.98,0.5,0.0001560554494894,0.0503483333333333,melanoma_to_normal_1
conch,human,skin,HSDX009,HSPD012;PDHS029,0,0.25,train_mean,top200_hvg,6000,12000,92,90,-3.081412703757188e-07,,-2.084723805366535,0.2032261490821838,0.0975027084350586,0.1599370916785902,0.0121951219512195,0.9888888888888888,0.5,9.515576188384112e-05,0.0359044715447154,melanoma_to_normal_1
conch,human,skin,HSDX009,HSPD012;PDHS029,0,0.25,train_mean,marker_hvg_overlap,6000,12000,92,70,-2.797388949815627e-07,,-2.40921678049956,0.228506937623024,0.1213041022419929,0.1359727255504297,0.0142857142857142,0.9857142857142858,0.5,0.0001114681782067,0.0414392857142857,melanoma_to_normal_1
conch,human,skin,HSDX009,HSPD012;PDHS029,0,1.0,image,top50_hvg,24000,12000,92,50,0.0753710951260291,0.0725804286275729,-1.6436185911833308,0.2531216144561767,0.1383121162652969,0.2611073802662481,0.0796171216383929,0.9610213840593338,0.5203192528488634,0.0626557756141139,0.0845965820467132,melanoma_to_normal_1
conch,human,skin,HSDX009,HSPD012;PDHS029,0,1.0,image,top200_hvg,24000,12000,92,90,0.0556052973041049,0.0535885829105238,-1.0350280094163482,0.1987619549036026,0.0865321606397628,0.2633706162453466,0.0485766072496671,0.9783355524639682,0.5123992775379869,0.0382634421761385,0.0596676159255374,melanoma_to_normal_1
conch,human,skin,HSDX009,HSPD012;PDHS029,0,1.0,image,marker_hvg_overlap,24000,12000,92,70,0.0654947579979697,0.0630940713507366,-1.1748260150821548,0.2233108580112457,0.1080396175384521,0.2557725640574759,0.0567540443829809,0.9723621046403012,0.514558074511641,0.044619171555557,0.0692681307598381,melanoma_to_normal_1
conch,human,skin,HSDX009,HSPD012;PDHS029,0,1.0,train_mean,top50_hvg,24000,12000,92,50,-1.2458112053082004e-07,,-3.538513304274529,0.260429322719574,0.1617157310247421,0.1176086122578741,0.02,0.98,0.5,0.0001560554494894,0.0503483333333333,melanoma_to_normal_1
conch,human,skin,HSDX009,HSPD012;PDHS029,0,1.0,train_mean,top200_hvg,24000,12000,92,90,-1.279633164308618e-07,,-2.177220943846057,0.2042912691831588,0.0984636023640632,0.1574474627107209,0.0121951219512195,0.9888888888888888,0.5,9.515576188384112e-05,0.0359044715447154,melanoma_to_normal_1
conch,human,skin,HSDX009,HSPD012;PDHS029,0,1.0,train_mean,marker_hvg_overlap,24000,12000,92,70,-9.021296827021225e-08,,-2.518030355660241,0.2297345846891403,0.1225590929389,0.1331259008504611,0.0142857142857142,0.9857142857142858,0.5,0.0001114681782067,0.0414392857142857,melanoma_to_normal_1
conch,human,skin,HSDX009,HSPD012;PDHS029,1,0.1,image,top50_hvg,2400,12000,92,50,0.0673583466536365,0.0648310137541457,-2.704542303103953,0.2746388614177704,0.1637929081916809,0.2371703509747737,0.1011928135155665,0.9447048604585442,0.5229488369870554,0.0689373451807465,0.0791972924878659,melanoma_to_normal_1
conch,human,skin,HSDX009,HSPD012;PDHS029,1,0.1,image,top200_hvg,2400,12000,92,90,0.0514559233497368,0.0500526907124288,-1.8191990923339132,0.2153095304965973,0.1050462573766708,0.2347334223734269,0.0619691718140962,0.9691527394350732,0.5140562112067832,0.0425216898444063,0.0548495771334681,melanoma_to_normal_1
conch,human,skin,HSDX009,HSPD012;PDHS029,1,0.1,image,marker_hvg_overlap,2400,12000,92,70,0.054465325005419,0.0529132736319875,-2.0645394573686646,0.2416137754917144,0.1308745592832565,0.2288512248204361,0.0724049818453691,0.9604203842900793,0.5164126830677241,0.0494950667633715,0.0637025845946072,melanoma_to_normal_1
conch,human,skin,HSDX009,HSPD012;PDHS029,1,0.1,train_mean,top50_hvg,2400,12000,92,50,3.6850728854176393e-07,,-3.3904890689742757,0.2604671418666839,0.1638050973415374,0.1251574103878202,0.02,0.98,0.5,0.0001560554494894,0.0503483333333333,melanoma_to_normal_1
conch,human,skin,HSDX009,HSPD012;PDHS029,1,0.1,train_mean,top200_hvg,2400,12000,92,90,1.7271085914243585e-07,,-2.0908898941495244,0.2043256908655166,0.0999909043312072,0.1632581717433055,0.0121951219512195,0.9888888888888888,0.5,9.515576188384112e-05,0.0359044715447154,melanoma_to_normal_1
conch,human,skin,HSDX009,HSPD012;PDHS029,1,0.1,train_mean,marker_hvg_overlap,2400,12000,92,70,2.932578900985813e-07,,-2.416176907375952,0.2297481447458267,0.1244968548417091,0.1391297194363336,0.0142857142857142,0.9857142857142858,0.5,0.0001114681782067,0.0414392857142857,melanoma_to_normal_1
conch,human,skin,HSDX009,HSPD012;PDHS029,1,0.25,image,top50_hvg,6000,12000,92,50,0.072654832751723,0.0692927867892961,-1.7607593845296652,0.2548705041408539,0.1447974890470504,0.2544866394953883,0.0801475724932356,0.958884660389726,0.5195161164414809,0.0618982309542058,0.0830979914675944,melanoma_to_normal_1
conch,human,skin,HSDX009,HSPD012;PDHS029,1,0.25,image,top200_hvg,6000,12000,92,90,0.0512896361986349,0.0493910386359166,-1.1457880838144507,0.2003718316555023,0.0918602123856544,0.2589442104731133,0.0491810805666943,0.976987468719826,0.5119617121417882,0.038296548208728,0.0577640155975071,melanoma_to_normal_1
conch,human,skin,HSDX009,HSPD012;PDHS029,1,0.25,image,marker_hvg_overlap,6000,12000,92,70,0.0590131866072105,0.0567601540653824,-1.294006518281198,0.2252223044633865,0.1148062199354171,0.2502565976295154,0.057387151071041,0.9707161495518538,0.5140516503114475,0.0445912786902963,0.0670131829936167,melanoma_to_normal_1
conch,human,skin,HSDX009,HSPD012;PDHS029,1,0.25,train_mean,top50_hvg,6000,12000,92,50,2.809838643481633e-07,,-3.531080365513917,0.2605117261409759,0.1611175686120987,0.1205301787997149,0.02,0.98,0.5,0.0001560554494894,0.0503483333333333,melanoma_to_normal_1
conch,human,skin,HSDX009,HSPD012;PDHS029,1,0.25,train_mean,top200_hvg,6000,12000,92,90,1.2813896011775732e-07,,-2.1719585333117366,0.2043446749448776,0.0981103479862213,0.1592948146529164,0.0121951219512195,0.9888888888888888,0.5,9.515576188384112e-05,0.0359044715447154,melanoma_to_normal_1
conch,human,skin,HSDX009,HSPD012;PDHS029,1,0.25,train_mean,marker_hvg_overlap,6000,12000,92,70,2.063232889336453e-07,,-2.5129525523341205,0.2298166751861572,0.1221633404493331,0.1352743461503033,0.0142857142857142,0.9857142857142858,0.5,0.0001114681782067,0.0414392857142857,melanoma_to_normal_1
conch,human,skin,HSDX009,HSPD012;PDHS029,1,1.0,image,top50_hvg,24000,12000,92,50,0.0783479187078774,0.0751057966384136,-1.5945898599876092,0.2517460286617279,0.1375913619995117,0.2680429084986013,0.0803332605249481,0.9603272465107474,0.5203302535178477,0.0630246338577394,0.0863099585746901,melanoma_to_normal_1
conch,human,skin,HSDX009,HSPD012;PDHS029,1,1.0,image,top200_hvg,24000,12000,92,90,0.0571917566093161,0.0550047275399209,-1.0048121563726808,0.1977813839912414,0.0861201211810112,0.2696385336471684,0.0490206727675455,0.9779499204925314,0.5124096829955279,0.0385029868535488,0.0606710303858557,melanoma_to_normal_1
conch,human,skin,HSDX009,HSPD012;PDHS029,1,1.0,image,marker_hvg_overlap,24000,12000,92,70,0.0673485896067827,0.0647711888706308,-1.1422119277812142,0.2222963124513626,0.1075905635952949,0.2621038117727252,0.0573117307312957,0.9718417018408828,0.5145767162860893,0.0449447687268555,0.070436393583175,melanoma_to_normal_1
conch,human,skin,HSDX009,HSPD012;PDHS029,1,1.0,train_mean,top50_hvg,24000,12000,92,50,-1.2458112053082004e-07,,-3.538513304274529,0.260429322719574,0.1617157310247421,0.1176086122578741,0.02,0.98,0.5,0.0001560554494894,0.0503483333333333,melanoma_to_normal_1
conch,human,skin,HSDX009,HSPD012;PDHS029,1,1.0,train_mean,top200_hvg,24000,12000,92,90,-1.279633164308618e-07,,-2.177220943846057,0.2042912691831588,0.0984636023640632,0.1574474627107209,0.0121951219512195,0.9888888888888888,0.5,9.515576188384112e-05,0.0359044715447154,melanoma_to_normal_1
conch,human,skin,HSDX009,HSPD012;PDHS029,1,1.0,train_mean,marker_hvg_overlap,24000,12000,92,70,-9.021296827021225e-08,,-2.518030355660241,0.2297345846891403,0.1225590929389,0.1331259008504611,0.0142857142857142,0.9857142857142858,0.5,0.0001114681782067,0.0414392857142857,melanoma_to_normal_1
conch,human,skin,HSDX009,HSPD012;PDHS029,2,0.1,image,top50_hvg,2400,12000,92,50,0.0559600611549103,0.0547820834994509,-2.4892523350566624,0.2697365581989288,0.1613431423902511,0.2397186672196918,0.0938971708249251,0.945612338533348,0.5197547546791366,0.0656023967214397,0.0744902127835919,melanoma_to_normal_1
conch,human,skin,HSDX009,HSPD012;PDHS029,2,0.1,image,top200_hvg,2400,12000,92,90,0.0452067567588129,0.0445083524645448,-1.6713354736664148,0.2115990370512008,0.1037275493144989,0.2401991308103659,0.057572377453557,0.9697131501858792,0.5121653565117122,0.0405990571350589,0.0532963834001731,melanoma_to_normal_1
conch,human,skin,HSDX009,HSPD012;PDHS029,2,0.1,image,marker_hvg_overlap,2400,12000,92,70,0.0471289098865651,0.0464855988235045,-1.8904209598366704,0.2376012206077575,0.1295426934957504,0.2331041052574558,0.067104470056394,0.9616732916293212,0.5143888808428577,0.0472696459429781,0.0612152822693208,melanoma_to_normal_1
conch,human,skin,HSDX009,HSPD012;PDHS029,2,0.1,train_mean,top50_hvg,2400,12000,92,50,3.782453981671097e-07,,-3.60077672743937,0.2607278227806091,0.1610697209835052,0.1173982510797382,0.02,0.98,0.5,0.0001560554494894,0.0503483333333333,melanoma_to_normal_1
conch,human,skin,HSDX009,HSPD012;PDHS029,2,0.1,train_mean,top200_hvg,2400,12000,92,90,4.0158516385643725e-07,,-2.2155841860997207,0.2045301496982574,0.0981189981102943,0.1567088544129948,0.0121951219512195,0.9888888888888888,0.5,9.515576188384112e-05,0.0359044715447154,melanoma_to_normal_1
conch,human,skin,HSDX009,HSPD012;PDHS029,2,0.1,train_mean,marker_hvg_overlap,2400,12000,92,70,3.2265968360637285e-07,,-2.565002110661589,0.2300645262002945,0.122235469520092,0.1323299382814404,0.0142857142857142,0.9857142857142858,0.5,0.0001114681782067,0.0414392857142857,melanoma_to_normal_1
conch,human,skin,HSDX009,HSPD012;PDHS029,2,0.25,image,top50_hvg,6000,12000,92,50,0.0692910137819126,0.0670220125216961,-1.8836990569066256,0.257732629776001,0.1448443681001663,0.2428649103238403,0.0815830368774466,0.9594058235150896,0.5204944301962681,0.0646738005127194,0.0835617613072252,melanoma_to_normal_1
conch,human,skin,HSDX009,HSPD012;PDHS029,2,0.25,image,top200_hvg,6000,12000,92,90,0.0540545272904758,0.0525870134134233,-1.2249980308528083,0.2023558616638183,0.0917268767952919,0.2457039171243649,0.0497975224492706,0.9774305047931328,0.5125130626355009,0.0395373564802146,0.0585031588079273,melanoma_to_normal_1
conch,human,skin,HSDX009,HSPD012;PDHS029,2,0.25,image,marker_hvg_overlap,6000,12000,92,70,0.0580498293491213,0.0563801696235057,-1.378915488606851,0.2272834628820419,0.1145428195595741,0.238160291664722,0.0580342780787443,0.9714714238589832,0.5147528509688638,0.0460247551841381,0.0679400453444959,melanoma_to_normal_1
conch,human,skin,HSDX009,HSPD012;PDHS029,2,0.25,train_mean,top50_hvg,6000,12000,92,50,-6.962064209403707e-07,,-3.560629550195299,0.2609876990318298,0.1625149995088577,0.1179472014285941,0.02,0.98,0.5,0.0001560554494894,0.0503483333333333,melanoma_to_normal_1
conch,human,skin,HSDX009,HSPD012;PDHS029,2,0.25,train_mean,top200_hvg,6000,12000,92,90,-3.43176062974256e-07,,-2.1918752002909128,0.2046932131052017,0.0989933609962463,0.1576271025411058,0.0121951219512195,0.9888888888888888,0.5,9.515576188384112e-05,0.0359044715447154,melanoma_to_normal_1
conch,human,skin,HSDX009,HSPD012;PDHS029,2,0.25,train_mean,marker_hvg_overlap,6000,12000,92,70,-2.2784915267542213e-07,,-2.535592302002156,0.230187103152275,0.1232860088348388,0.133244430421868,0.0142857142857142,0.9857142857142858,0.5,0.0001114681782067,0.0414392857142857,melanoma_to_normal_1
conch,human,skin,HSDX009,HSPD012;PDHS029,2,1.0,image,top50_hvg,24000,12000,92,50,0.0761512997909449,0.0731831425897039,-1.6127651194296777,0.2530332803726196,0.1382137089967727,0.2622160623119208,0.0818597573445328,0.95962872320033,0.5207442402724314,0.063214392929294,0.0849637760534842,melanoma_to_normal_1
conch,human,skin,HSDX009,HSPD012;PDHS029,2,1.0,image,top200_hvg,24000,12000,92,90,0.0557697178631248,0.0536904538152518,-1.015857919891615,0.1986936181783676,0.0865142121911048,0.2646815321316509,0.0499588589762955,0.977561851986744,0.5126658116759951,0.0386333071332468,0.0598248647337941,melanoma_to_normal_1
conch,human,skin,HSDX009,HSPD012;PDHS029,2,1.0,image,marker_hvg_overlap,24000,12000,92,70,0.0658071210740932,0.0633564515102113,-1.152659807555444,0.2232498824596405,0.1080257445573806,0.2568864020463504,0.0583732535484599,0.9714042322809412,0.5148887429147007,0.0450627829415375,0.0694557915683779,melanoma_to_normal_1
conch,human,skin,HSDX009,HSPD012;PDHS029,2,1.0,train_mean,top50_hvg,24000,12000,92,50,-1.2458112053082004e-07,,-3.538513304274529,0.260429322719574,0.1617157310247421,0.1176086122578741,0.02,0.98,0.5,0.0001560554494894,0.0503483333333333,melanoma_to_normal_1
conch,human,skin,HSDX009,HSPD012;PDHS029,2,1.0,train_mean,top200_hvg,24000,12000,92,90,-1.279633164308618e-07,,-2.177220943846057,0.2042912691831588,0.0984636023640632,0.1574474627107209,0.0121951219512195,0.9888888888888888,0.5,9.515576188384112e-05,0.0359044715447154,melanoma_to_normal_1
conch,human,skin,HSDX009,HSPD012;PDHS029,2,1.0,train_mean,marker_hvg_overlap,24000,12000,92,70,-9.021296827021225e-08,,-2.518030355660241,0.2297345846891403,0.1225590929389,0.1331259008504611,0.0142857142857142,0.9857142857142858,0.5,0.0001114681782067,0.0414392857142857,melanoma_to_normal_1
conch,human,skin,HSDX009_2,HSPD012;PDHS029,0,0.1,image,top50_hvg,2400,12000,92,50,0.0518523203674703,0.0497449865047211,-3.526479000737891,0.2452028691768646,0.1474703401327133,0.2005995057784515,0.0776528856304491,0.9570880853660432,0.5173704854982462,0.0514561936987816,0.0616259756057595,melanoma_to_normal_2
conch,human,skin,HSDX009_2,HSPD012;PDHS029,0,0.1,image,top200_hvg,2400,12000,92,90,0.0416323649761519,0.0395535313455449,-2.3228875550444283,0.1902319937944412,0.0939787626266479,0.1934327813972055,0.0473679960376902,0.9761531929461774,0.5105973356112595,0.0314126268725274,0.0427414986783558,melanoma_to_normal_2
conch,human,skin,HSDX009_2,HSPD012;PDHS029,0,0.1,image,marker_hvg_overlap,2400,12000,92,70,0.0456228447113452,0.0435326419659181,-2.607364852932681,0.2128157019615173,0.1168198734521865,0.1901138327725535,0.0553312380585941,0.969410474522998,0.5123708562907962,0.0365410190241566,0.0497286106641276,melanoma_to_normal_2
conch,human,skin,HSDX009_2,HSPD012;PDHS029,0,0.1,train_mean,top50_hvg,2400,12000,92,50,-1.6774443165612495e-08,,-4.861695215479704,0.2290728539228439,0.1494390070438385,0.1440431755691807,0.02,0.98,0.5,0.0001328903654485,0.0369366666666666,melanoma_to_normal_2
conch,human,skin,HSDX009_2,HSPD012;PDHS029,0,0.1,train_mean,top200_hvg,2400,12000,92,90,-3.0343864427055205e-08,,-2.9921689440027586,0.1774207204580307,0.0902508497238159,0.1678140874502865,0.0121951219512195,0.9888888888888888,0.5,8.103071063933231e-05,0.0261199186991869,melanoma_to_normal_2
conch,human,skin,HSDX009_2,HSPD012;PDHS029,0,0.1,train_mean,marker_hvg_overlap,2400,12000,92,70,-4.90068821063743e-08,,-3.449017588066948,0.1991955935955047,0.1121263578534126,0.1502157196665939,0.0142857142857142,0.9857142857142858,0.5,9.492168960607498e-05,0.0301988095238095,melanoma_to_normal_2
conch,human,skin,HSDX009_2,HSPD012;PDHS029,0,0.25,image,top50_hvg,6000,12000,92,50,0.0611202949495054,0.0575737153591412,-2.8994725240767,0.2352184206247329,0.1374903619289398,0.2207723856742693,0.0800173452692143,0.9606112925805584,0.5203143189248863,0.0525841062756201,0.0649390502773213,melanoma_to_normal_2
conch,human,skin,HSDX009_2,HSPD012;PDHS029,0,0.25,image,top200_hvg,6000,12000,92,90,0.0489993040061341,0.0459627400920971,-1.838268477057704,0.1824537217617035,0.0857215151190757,0.2158322436372871,0.0488844418451396,0.9780978005401132,0.5124227212189734,0.0322433484916814,0.0445971905973511,melanoma_to_normal_2
conch,human,skin,HSDX009_2,HSPD012;PDHS029,0,0.25,image,marker_hvg_overlap,6000,12000,92,70,0.0521008791734597,0.0489422216800703,-2.072671934336956,0.2043280154466629,0.1067481040954589,0.2122237998075533,0.057264631875735,0.9718570839260458,0.5145608579008903,0.037770779661684,0.0518413516105964,melanoma_to_normal_2
conch,human,skin,HSDX009_2,HSPD012;PDHS029,0,0.25,train_mean,top50_hvg,6000,12000,92,50,-1.7549094957214352e-08,,-4.889628909807652,0.2289406806230545,0.148827314376831,0.1467630370384951,0.02,0.98,0.5,0.0001328903654485,0.0369366666666666,melanoma_to_normal_2
conch,human,skin,HSDX009_2,HSPD012;PDHS029,0,0.25,train_mean,top200_hvg,6000,12000,92,90,3.5058173926968155e-08,,-3.0058574756763936,0.1773107647895813,0.0898130759596824,0.1698691836020894,0.0121951219512195,0.9888888888888888,0.5,8.103071063933231e-05,0.0261199186991869,melanoma_to_normal_2
conch,human,skin,HSDX009_2,HSPD012;PDHS029,0,0.25,train_mean,marker_hvg_overlap,6000,12000,92,70,1.315496359621804e-08,,-3.4624892930221645,0.1990454643964767,0.1115194782614708,0.1526637901670672,0.0142857142857142,0.9857142857142858,0.5,9.492168960607498e-05,0.0301988095238095,melanoma_to_normal_2
conch,human,skin,HSDX009_2,HSPD012;PDHS029,0,1.0,image,top50_hvg,24000,12000,92,50,0.0639489331631921,0.0610528457502969,-2.584319615289569,0.2281420677900314,0.1279488205909729,0.2347676271170689,0.0755970034533249,0.9644671310400535,0.5200320672466894,0.0508890738568246,0.0667815218137174,melanoma_to_normal_2
conch,human,skin,HSDX009_2,HSPD012;PDHS029,0,1.0,image,top200_hvg,24000,12000,92,90,0.0469503933999498,0.0443312711622658,-1.616874443030655,0.1771476566791534,0.0795087292790412,0.227940740340603,0.0461704359382784,0.9802507043423856,0.5122471898643509,0.0311764110347956,0.0460041708645837,melanoma_to_normal_2
conch,human,skin,HSDX009_2,HSPD012;PDHS029,0,1.0,image,marker_hvg_overlap,24000,12000,92,70,0.0557043493775251,0.0526029612108909,-1.826674993236416,0.1984725296497345,0.098965547978878,0.22439016185639,0.0540853678134119,0.974625103100396,0.5143552354569039,0.0365209386407606,0.0535033095449477,melanoma_to_normal_2
conch,human,skin,HSDX009_2,HSPD012;PDHS029,0,1.0,train_mean,top50_hvg,24000,12000,92,50,1.1033496527090849e-07,,-5.108959185399872,0.2306427955627441,0.1504192501306533,0.1442332218927135,0.02,0.98,0.5,0.0001328903654485,0.0369366666666666,melanoma_to_normal_2
conch,human,skin,HSDX009_2,HSPD012;PDHS029,0,1.0,train_mean,top200_hvg,24000,12000,92,90,4.2790364335864874e-08,,-3.1409525930016127,0.1785398870706558,0.0907718762755394,0.1678999378483077,0.0121951219512195,0.9888888888888888,0.5,8.103071063933231e-05,0.0261199186991869,melanoma_to_normal_2
conch,human,skin,HSDX009_2,HSPD012;PDHS029,0,1.0,train_mean,marker_hvg_overlap,24000,12000,92,70,5.5598391262330036e-08,,-3.6219189755070538,0.2004650831222534,0.1127722039818763,0.1503619243196347,0.0142857142857142,0.9857142857142858,0.5,9.492168960607498e-05,0.0301988095238095,melanoma_to_normal_2
conch,human,skin,HSDX009_2,HSPD012;PDHS029,1,0.1,image,top50_hvg,2400,12000,92,50,0.0544944133912213,0.0529822271107355,-4.230379115566612,0.2519517242908478,0.1551855206489563,0.2155311590355438,0.0932959774873674,0.949556579446608,0.5214262784669877,0.0567569570219378,0.0614151404029594,melanoma_to_normal_2
conch,human,skin,HSDX009_2,HSPD012;PDHS029,1,0.1,image,top200_hvg,2400,12000,92,90,0.0414411069501216,0.0397031154423346,-2.7567800141338767,0.1952516585588455,0.0984164997935295,0.2080311239389393,0.0570932219953413,0.9718906860834806,0.5131207679947027,0.0349651478707051,0.0421068408248835,melanoma_to_normal_2
conch,human,skin,HSDX009_2,HSPD012;PDHS029,1,0.1,image,marker_hvg_overlap,2400,12000,92,70,0.045168824515505,0.0434890513154739,-3.0913172569658074,0.2181697785854339,0.1221195757389068,0.205069827835163,0.0668283028564997,0.9638935628562756,0.5153609328563876,0.0408645658405933,0.0490117327221086,melanoma_to_normal_2
conch,human,skin,HSDX009_2,HSPD012;PDHS029,1,0.1,train_mean,top50_hvg,2400,12000,92,50,2.7752566182925875e-08,,-4.922828065509675,0.2308872193098068,0.1525884717702865,0.1527863697525656,0.02,0.98,0.5,0.0001328903654485,0.0369366666666666,melanoma_to_normal_2
conch,human,skin,HSDX009_2,HSPD012;PDHS029,1,0.1,train_mean,top200_hvg,2400,12000,92,90,4.2529658521643984e-08,,-3.03332540580205,0.1787428855895996,0.0923499539494514,0.174125902090763,0.0121951219512195,0.9888888888888888,0.5,8.103071063933231e-05,0.0261199186991869,melanoma_to_normal_2
conch,human,skin,HSDX009_2,HSPD012;PDHS029,1,0.1,train_mean,marker_hvg_overlap,2400,12000,92,70,2.913992782944368e-08,,-3.49458342746896,0.2006668299436569,0.1147747039794921,0.1570207874917279,0.0142857142857142,0.9857142857142858,0.5,9.492168960607498e-05,0.0301988095238095,melanoma_to_normal_2
conch,human,skin,HSDX009_2,HSPD012;PDHS029,1,0.25,image,top50_hvg,6000,12000,92,50,0.0649369940334872,0.0620412492832346,-2.714971645958721,0.2263737022876739,0.1312117427587509,0.2450115292658603,0.0736776885647503,0.9651831629960888,0.5194304257804195,0.0516092298367652,0.0668714813450293,melanoma_to_normal_2
conch,human,skin,HSDX009_2,HSPD012;PDHS029,1,0.25,image,top200_hvg,6000,12000,92,90,0.0479045590868218,0.0456168431513841,-1.7335764403392315,0.1762653738260269,0.0828652009367942,0.236811517853392,0.0451868772950191,0.9805280568783044,0.5119076162026767,0.0318964060560269,0.0457070974440162,melanoma_to_normal_2
conch,human,skin,HSDX009_2,HSPD012;PDHS029,1,0.25,image,marker_hvg_overlap,6000,12000,92,70,0.0542630967375381,0.0517336382662353,-1.968450614570507,0.19781294465065,0.1033652648329734,0.2322596315891044,0.0528808704932652,0.9749804810279926,0.513930675760629,0.0372648093639889,0.0530941980562415,melanoma_to_normal_2
conch,human,skin,HSDX009_2,HSPD012;PDHS029,1,0.25,train_mean,top50_hvg,6000,12000,92,50,1.1217140647627205e-07,,-5.077247472928721,0.2306186258792877,0.1497673690319061,0.1486132239257748,0.02,0.98,0.5,0.0001328903654485,0.0369366666666666,melanoma_to_normal_2
conch,human,skin,HSDX009_2,HSPD012;PDHS029,1,0.25,train_mean,top200_hvg,6000,12000,92,90,9.390854823110592e-08,,-3.121146750754948,0.1785137951374054,0.0903874114155769,0.1711017802760971,0.0121951219512195,0.9888888888888888,0.5,8.103071063933231e-05,0.0261199186991869,melanoma_to_normal_2
conch,human,skin,HSDX009_2,HSPD012;PDHS029,1,0.25,train_mean,marker_hvg_overlap,6000,12000,92,70,1.0420145422846587e-07,,-3.6017587281436136,0.2004610896110534,0.1123373210430145,0.1539025565018413,0.0142857142857142,0.9857142857142858,0.5,9.492168960607498e-05,0.0301988095238095,melanoma_to_normal_2
conch,human,skin,HSDX009_2,HSPD012;PDHS029,1,1.0,image,top50_hvg,24000,12000,92,50,0.0665003350231563,0.0631513891421297,-2.475789028853178,0.2263593077659607,0.1269132792949676,0.2440990586118837,0.0764673406993689,0.96410638638896,0.5202868635441645,0.0517572324497144,0.0684337460330707,melanoma_to_normal_2
conch,human,skin,HSDX009_2,HSPD012;PDHS029,1,1.0,image,top200_hvg,24000,12000,92,90,0.0488584621338437,0.0459712347784038,-1.5513800446074684,0.1758854389190673,0.0789688900113105,0.236319069386603,0.0466824538496693,0.980047353013304,0.5123916035784771,0.031668825102608,0.047063639500866,melanoma_to_normal_2
conch,human,skin,HSDX009_2,HSPD012;PDHS029,1,1.0,image,marker_hvg_overlap,24000,12000,92,70,0.0577578135643437,0.0542904120224594,-1.753938829087253,0.1971654593944549,0.0983439236879348,0.2329578010408363,0.0546851602238984,0.9743612150115502,0.5145231876177243,0.0370977665487694,0.0547372942402759,melanoma_to_normal_2
conch,human,skin,HSDX009_2,HSPD012;PDHS029,1,1.0,train_mean,top50_hvg,24000,12000,92,50,1.1033496527090849e-07,,-5.108959185399872,0.2306427955627441,0.1504192501306533,0.1442332218927135,0.02,0.98,0.5,0.0001328903654485,0.0369366666666666,melanoma_to_normal_2
conch,human,skin,HSDX009_2,HSPD012;PDHS029,1,1.0,train_mean,top200_hvg,24000,12000,92,90,4.2790364335864874e-08,,-3.1409525930016127,0.1785398870706558,0.0907718762755394,0.1678999378483077,0.0121951219512195,0.9888888888888888,0.5,8.103071063933231e-05,0.0261199186991869,melanoma_to_normal_2
conch,human,skin,HSDX009_2,HSPD012;PDHS029,1,1.0,train_mean,marker_hvg_overlap,24000,12000,92,70,5.5598391262330036e-08,,-3.6219189755070538,0.2004650831222534,0.1127722039818763,0.1503619243196347,0.0142857142857142,0.9857142857142858,0.5,9.492168960607498e-05,0.0301988095238095,melanoma_to_normal_2
conch,human,skin,HSDX009_2,HSPD012;PDHS029,2,0.1,image,top50_hvg,2400,12000,92,50,0.0525760679435916,0.0504639657677521,-3.792450903355493,0.2443557679653167,0.1486689299345016,0.2087644903222443,0.0784256749879019,0.959172985305827,0.5187993301468644,0.0539550412640339,0.0618298993539518,melanoma_to_normal_2
conch,human,skin,HSDX009_2,HSPD012;PDHS029,2,0.1,image,top200_hvg,2400,12000,92,90,0.0419610306342145,0.0404444812989081,-2.494677821149774,0.1898303776979446,0.0950881838798523,0.2012943376920054,0.0481193420303103,0.9772303036656974,0.5115641059536477,0.033419047765004,0.0425633976559485,melanoma_to_normal_2
conch,human,skin,HSDX009_2,HSPD012;PDHS029,2,0.1,image,marker_hvg_overlap,2400,12000,92,70,0.0453024609139122,0.0437188725494671,-2.8022358568115,0.2124455422163009,0.1184088438749313,0.1980896961976768,0.056316043468892,0.9707551308919428,0.5135355871804175,0.039052470764566,0.0495045621603674,melanoma_to_normal_2
conch,human,skin,HSDX009_2,HSPD012;PDHS029,2,0.1,train_mean,top50_hvg,2400,12000,92,50,1.9002193596406867e-09,,-5.182153769303332,0.230886697769165,0.1497075259685516,0.1448053845460267,0.02,0.98,0.5,0.0001328903654485,0.0369366666666666,melanoma_to_normal_2
conch,human,skin,HSDX009_2,HSPD012;PDHS029,2,0.1,train_mean,top200_hvg,2400,12000,92,90,-5.056292825874939e-09,,-3.1865131689998925,0.1787266284227371,0.0903844088315963,0.1681695448833392,0.0121951219512195,0.9888888888888888,0.5,8.103071063933231e-05,0.0261199186991869,melanoma_to_normal_2
conch,human,skin,HSDX009_2,HSPD012;PDHS029,2,0.1,train_mean,marker_hvg_overlap,2400,12000,92,70,-1.3324580600786768e-08,,-3.679811853443504,0.2007475197315216,0.1123953685164451,0.1505764818955493,0.0142857142857142,0.9857142857142858,0.5,9.492168960607498e-05,0.0301988095238095,melanoma_to_normal_2
conch,human,skin,HSDX009_2,HSPD012;PDHS029,2,0.25,image,top50_hvg,6000,12000,92,50,0.0623429241497069,0.059573930128763,-2.9961029421538115,0.2343146502971649,0.1358120441436767,0.2235951397005103,0.0778125576008566,0.9621336541330792,0.5199731058669679,0.053873023726946,0.0669563442154538,melanoma_to_normal_2
conch,human,skin,HSDX009_2,HSPD012;PDHS029,2,0.25,image,top200_hvg,6000,12000,92,90,0.0483855526692518,0.0458191041735879,-1.914967443666328,0.1819329559803009,0.085448145866394,0.2170269968606577,0.0475400591205312,0.9789396401128077,0.5122125149880259,0.033028218816409,0.0458910776682721,melanoma_to_normal_2
conch,human,skin,HSDX009_2,HSPD012;PDHS029,2,0.25,image,marker_hvg_overlap,6000,12000,92,70,0.0532331425249659,0.0504049584784454,-2.160298658109137,0.2037751972675323,0.1064150929450988,0.2131302356297305,0.0556897835411938,0.972950412801058,0.5143200981711259,0.0386901991849363,0.0533684396462502,melanoma_to_normal_2
conch,human,skin,HSDX009_2,HSPD012;PDHS029,2,0.25,train_mean,top50_hvg,6000,12000,92,50,1.853957005693019e-07,,-5.158372340869391,0.2312106788158416,0.151173323392868,0.1461583983352205,0.02,0.98,0.5,0.0001328903654485,0.0369366666666666,melanoma_to_normal_2
conch,human,skin,HSDX009_2,HSPD012;PDHS029,2,0.25,train_mean,top200_hvg,6000,12000,92,90,1.1507296333941085e-07,,-3.172860466535118,0.1789571344852447,0.0912776142358779,0.1692288279826529,0.0121951219512195,0.9888888888888888,0.5,8.103071063933231e-05,0.0261199186991869,melanoma_to_normal_2
conch,human,skin,HSDX009_2,HSPD012;PDHS029,2,0.25,train_mean,marker_hvg_overlap,6000,12000,92,70,1.1836931967300149e-07,,-3.661701960267237,0.2009356766939163,0.1134686395525932,0.1517596960916202,0.0142857142857142,0.9857142857142858,0.5,9.492168960607498e-05,0.0301988095238095,melanoma_to_normal_2
conch,human,skin,HSDX009_2,HSPD012;PDHS029,2,1.0,image,top50_hvg,24000,12000,92,50,0.0648451431596186,0.0616298055879574,-2.560210084542632,0.2280876189470291,0.1280475258827209,0.2359129618011122,0.0762848671709626,0.964199019383583,0.5202419432772728,0.0514293266250884,0.0675593110044219,melanoma_to_normal_2
conch,human,skin,HSDX009_2,HSPD012;PDHS029,2,1.0,image,top200_hvg,24000,12000,92,90,0.0474067798868196,0.0446080988797613,-1.6021957318781217,0.1771118938922882,0.0795764476060867,0.2292656200941922,0.0465525139717612,0.9800978365767514,0.5123543380340979,0.0314323701854453,0.0465028360160227,melanoma_to_normal_2
conch,human,skin,HSDX009_2,HSPD012;PDHS029,2,1.0,image,marker_hvg_overlap,24000,12000,92,70,0.0561652382794168,0.0527856885480119,-1.81025914773345,0.1984407752752304,0.0990570187568664,0.225630163862069,0.0545329449383489,0.974429777020308,0.5144813609793285,0.0368207765029502,0.054100879792503,melanoma_to_normal_2
conch,human,skin,HSDX009_2,HSPD012;PDHS029,2,1.0,train_mean,top50_hvg,24000,12000,92,50,1.1033496527090849e-07,,-5.108959185399872,0.2306427955627441,0.1504192501306533,0.1442332218927135,0.02,0.98,0.5,0.0001328903654485,0.0369366666666666,melanoma_to_normal_2
conch,human,skin,HSDX009_2,HSPD012;PDHS029,2,1.0,train_mean,top200_hvg,24000,12000,92,90,4.2790364335864874e-08,,-3.1409525930016127,0.1785398870706558,0.0907718762755394,0.1678999378483077,0.0121951219512195,0.9888888888888888,0.5,8.103071063933231e-05,0.0261199186991869,melanoma_to_normal_2
conch,human,skin,HSDX009_2,HSPD012;PDHS029,2,1.0,train_mean,marker_hvg_overlap,24000,12000,92,70,5.5598391262330036e-08,,-3.6219189755070538,0.2004650831222534,0.1127722039818763,0.1503619243196347,0.0142857142857142,0.9857142857142858,0.5,9.492168960607498e-05,0.0301988095238095,melanoma_to_normal_2
