sample,species,organ,condition,model,pearson_gene_macro,spearman_gene_macro,r2_gene_macro,pearson_cell_macro,f1_gene_macro,auprc_gene_macro
FFHO026,human,ovary,ovarian adenocarcinoma,coordinate,0.05898162409299398,0.05352326358043113,-0.17619450083846458,0.45685008384668757,0.669347923094322,0.6219564188162403
FFHO026,human,ovary,ovarian adenocarcinoma,image,0.40211196038872,0.3905017434876045,0.14857236412135533,0.5591710453710312,0.7556787881807696,0.7449274059894975
FFHO026,human,ovary,ovarian adenocarcinoma,spatial_knn,0.04320465736062028,0.04247997397022142,-0.21050734217045824,0.437276511075375,0.6892229119125426,0.6220672730399852
FFHO026,human,ovary,ovarian adenocarcinoma,train_mean,-3.1770086602994744e-07,,-0.04710464024571615,0.4744009240343508,0.7179523728905466,0.60573125
FFMB028,mouse,brain,brain hemisphere,coordinate,-1.1185425100874134e-05,-0.0008177258571457251,-0.14835084941267263,0.4300282666449142,0.6199390304017858,0.5565178916557374
FFMB028,mouse,brain,brain hemisphere,image,0.4665753937140107,0.4629417655826925,0.19446753070398698,0.5303552847439182,0.7351904615252853,0.7588619562917471
FFMB028,mouse,brain,brain hemisphere,spatial_knn,0.02632064471948975,0.0214517151840912,-0.2239951454848051,0.40526110985475267,0.63970577536158,0.5756464866876151
FFMB028,mouse,brain,brain hemisphere,train_mean,5.637889000809082e-07,,-0.0379862712807687,0.4715766469377961,0.6864569960611455,0.5659229166666666
FFMC016,mouse,colon,colon,coordinate,-0.13703190643020205,-0.1456392213031638,-0.8971804104122566,0.27480639749679875,0.5243456937132314,0.4933804511236145
FFMC016,mouse,colon,colon,image,0.614644556939602,0.58754193342402,0.3844174306280911,0.7387533402968453,0.7437643699681317,0.7935057752398834
FFMC016,mouse,colon,colon,spatial_knn,0.0719640504644485,0.06897015815290422,-0.3127139398525469,0.3135442069487437,0.5766092126757294,0.5693994842894956
FFMC016,mouse,colon,colon,train_mean,2.8012122125542266e-07,,-0.01563874542204725,0.44960144650784434,0.6229955916356356,0.53039375
HBCA041,human,breast,breast IDC,coordinate,0.049379946816879905,0.05033509443110735,-0.13256125357111156,0.2709765390775295,0.5418216783802716,0.508987434036978
HBCA041,human,breast,breast IDC,image,0.494332612529397,0.487448225623593,0.2377861329761799,0.5552808453363605,0.7078677311342152,0.7338484008233652
HBCA041,human,breast,breast IDC,spatial_knn,0.013905673288463701,0.013600421902511324,-0.2525956296175718,0.21944684297958383,0.5646727271300316,0.49749516776599506
HBCA041,human,breast,breast IDC,train_mean,7.285424473813427e-07,,-0.036132488431867324,0.31947482803132354,0.5737160600009735,0.48857083333333334
HBCD036,human,brain,glioblastoma,coordinate,0.020150934946959728,0.017870077832002174,-0.14285440108622421,0.5611350143314642,0.6968978679092626,0.6341706955076131
HBCD036,human,brain,glioblastoma,image,0.3315007489174604,0.27851451740686667,0.0707551566936308,0.6104249701050142,0.7680483508445589,0.7290568802764359
HBCD036,human,brain,glioblastoma,spatial_knn,0.0447034915631229,0.040739467189517625,-0.136526620585937,0.5601186260180518,0.6980940348077791,0.6454735565670708
HBCD036,human,brain,glioblastoma,train_mean,6.063430478420172e-07,,-0.04392188783346222,0.5955278614736754,0.7273043484040694,0.6327791666666667
HBCH024,human,breast,breast cancer,coordinate,0.0702467980641813,0.06435961588507605,-0.068424877399957,0.08146336792498522,0.002117132092198575,0.0835108120091703
HBCH024,human,breast,breast cancer,image,0.2866005103476345,0.22435347668290112,0.0658794542617397,0.22177866340650526,0.07565762731174623,0.2337984812920367
HBCH024,human,breast,breast cancer,spatial_knn,0.044091309335867926,0.03978583168827055,-0.24687260155566032,0.0527342778809528,0.0374029035655843,0.07625627333280291
HBCH024,human,breast,breast cancer,train_mean,-5.159892315226288e-08,,-0.0406719436972963,0.0996096715192167,0.0,0.0588166666666666
HBES040,human,breast,breast IDC,coordinate,0.04077023498050038,0.0351287538866527,-0.05935965228316488,0.35717609808669193,0.55789405323839,0.5173324197076297
HBES040,human,breast,breast IDC,image,0.4193236746639013,0.41356572422838267,0.16290568559081292,0.5220870590373361,0.6785303724684215,0.6884129081485446
HBES040,human,breast,breast IDC,spatial_knn,0.0458841518488043,0.043754990320634055,-0.19159016810706814,0.2860498135416234,0.570666396081277,0.521165517062629
HBES040,human,breast,breast IDC,train_mean,5.254345176508579e-07,,-0.04432345447136168,0.3533456245163919,0.49301410776792975,0.5020458333333333
HCCD035,human,colorectal,colorectal cancer,coordinate,0.05646088827837953,0.052269129129266075,-0.17398069070361089,0.41612207138612867,0.43746961638200155,0.45060486901221286
HCCD035,human,colorectal,colorectal cancer,image,0.43076839915476733,0.418796731834576,0.07078692581970245,0.5320252820922446,0.6234628267015437,0.6301069530521788
HCCD035,human,colorectal,colorectal cancer,spatial_knn,0.08285125251386485,0.0849774011675791,-0.23406234871545162,0.39021851461774587,0.5062689160540339,0.4614795039529437
HCCD035,human,colorectal,colorectal cancer,train_mean,3.668144016177876e-07,,-0.21014604805574888,0.40192172741217413,0.3781520273942728,0.4219791666666666
HCCW027,human,cervix,cervical cancer,coordinate,0.0168651798579958,0.017600049204390875,-0.2556524773327328,0.16300304131064722,0.0021312139402259248,0.07448949016966322
HCCW027,human,cervix,cervical cancer,image,0.17849267996381965,0.1571245671411215,-0.08440064701583652,0.24722867465370027,0.025630173972471873,0.1516592014020206
HCCW027,human,cervix,cervical cancer,spatial_knn,0.014370792893751,0.013890003470509126,-0.1708525508199818,0.12197528455071446,0.013254552362775575,0.07082514811487242
HCCW027,human,cervix,cervical cancer,train_mean,1.0469054445572121e-08,,-0.0362024368257607,0.18650312115299106,0.0,0.06526666666666665
HHDX011,human,heart,non-diseased,coordinate,0.010168023882833947,0.004580836401080698,-0.22974661889144044,0.6168804799673444,0.16907825596330373,0.31548881107204385
HHDX011,human,heart,non-diseased,image,0.2923984987294534,0.26642855854794256,0.06886226432688997,0.6880709511701152,0.3042830141003758,0.43751503558731397
HHDX011,human,heart,non-diseased,spatial_knn,0.020688948079405252,0.015460810913292426,-0.1854390699230134,0.6189459351201138,0.2406537949153091,0.31908292141175315
HHDX011,human,heart,non-diseased,train_mean,1.7718493329432765e-07,,-0.038889124312886394,0.6441518175453027,0.14040652806693688,0.3111791666666667
HKPD015,human,kidney,mixed kidney regions,coordinate,0.018586902746465052,0.0129059838396417,-0.08527736036612617,0.264087668704311,0.19044690099885886,0.29879454354919655
HKPD015,human,kidney,mixed kidney regions,image,0.40184172917157407,0.36100501255986833,0.1573298370017437,0.4711352767025015,0.46044227052676284,0.5191012629589691
HKPD015,human,kidney,mixed kidney regions,spatial_knn,0.01699624440783735,0.01374819697708625,-0.14486508502624923,0.23187299164257136,0.2717562237943475,0.2970918276618583
HKPD015,human,kidney,mixed kidney regions,train_mean,2.0517958238874813e-07,,-0.013205329511750925,0.2951330015697569,0.17685994891112616,0.2881833333333333
HLCD033,human,lung,lung cancer,coordinate,0.06540198542614233,0.0550318786672409,-0.3759929016880051,0.3348314708703527,0.4336486491410815,0.4159902984479983
HLCD033,human,lung,lung cancer,image,0.36840741761960083,0.31818165535475457,0.010097111769969136,0.4775107909003282,0.5704229172058293,0.5690868113625027
HLCD033,human,lung,lung cancer,spatial_knn,0.0812202745635295,0.08024818655955797,-0.23067841007839884,0.3107365765374719,0.44653307090070266,0.42639010912910746
HLCD033,human,lung,lung cancer,train_mean,-3.331066520106951e-07,,-0.31363795961819046,0.32343318972904683,0.4299980108908406,0.39246041666666664
HLCX022,human,lung,lung cancer,coordinate,0.0755567430055089,0.07157582675687067,-0.27984532993723404,0.17357761171219985,0.1021526096015488,0.27006099225168223
HLCX022,human,lung,lung cancer,image,0.3183553593466058,0.30907401424183556,0.03259337309289547,0.3730314484799746,0.3566292094497278,0.4145894405483434
HLCX022,human,lung,lung cancer,spatial_knn,0.04560944197721253,0.04833484306687547,-0.4565559045458213,0.1913966405437661,0.2679031842690991,0.26204137822147594
HLCX022,human,lung,lung cancer,train_mean,-5.36750483209551e-08,,-0.09905405582753471,0.2271522547621968,0.10297027808213435,0.23989374999999996
HLDX010,human,liver,liver cancer,coordinate,0.0025533745871143755,-0.002105067888488575,-0.030313395821895,0.5632024640839707,0.4307287504428744,0.45122959897585424
HLDX010,human,liver,liver cancer,image,-0.0022765174235974,-0.0017865888690282753,-0.028410837764095025,0.5608094675653476,0.4000504867326033,0.4547733852088889
HLDX010,human,liver,liver cancer,spatial_knn,0.010411620090453624,0.009881992546752951,-0.1539889343315735,0.5054189813547846,0.42712138583435805,0.4609299665226812
HLDX010,human,liver,liver cancer,train_mean,1.6163344257691392e-07,,-0.006320257908370125,0.5693565242528683,0.37977975881301507,0.45543749999999994
HOCD032,human,ovary,ovarian cancer,coordinate,0.17915795244043692,0.18327154049018737,-0.18956854252872288,0.25877634969227203,0.27071406100599077,0.3617945602252106
HOCD032,human,ovary,ovarian cancer,image,0.3123824998177588,0.302367600403848,0.02627275010570882,0.35187770061204376,0.3893079214548501,0.4397402774516105
HOCD032,human,ovary,ovarian cancer,spatial_knn,0.13677269935607905,0.13923945219350575,-0.2884285605640616,0.2138713703811127,0.32943943898297245,0.32866558857746203
HOCD032,human,ovary,ovarian cancer,train_mean,1.4176646375929633e-07,,-0.27133483605148284,0.24943473441490524,0.1589049942884297,0.27207499999999996
HOCW023,human,ovary,ovarian cancer,coordinate,0.06393000600248337,0.060330902422312295,-0.8046117209596559,0.2099232656399485,0.058023146183582446,0.13052918608403552
HOCW023,human,ovary,ovarian cancer,image,0.18788512323866594,0.17527252403307372,-0.0378858576755738,0.27163332018377484,0.07780880647860841,0.2089065586855838
HOCW023,human,ovary,ovarian cancer,spatial_knn,0.07180782624326332,0.07176457176968182,-0.19025962700834498,0.17868835751989268,0.08985647114249155,0.1380699600339585
HOCW023,human,ovary,ovarian cancer,train_mean,1.4895611534448962e-07,,-0.36399147823147354,0.16594026967680178,0.0033813817732383997,0.1120395833333333
HPDA034,human,pancreas,ductal adenocarcinoma,coordinate,0.0911732140158619,0.0795186236808246,-3.8837945366979696,0.2745416578345683,0.2175772945625468,0.2678953077952799
HPDA034,human,pancreas,ductal adenocarcinoma,image,0.33098313535097984,0.2821673187519793,-0.2878944280573341,0.4082386118285015,0.3856129023774776,0.42092769471434055
HPDA034,human,pancreas,ductal adenocarcinoma,spatial_knn,0.1002451134583041,0.10098505886536724,-0.3354978773969924,0.2942395946648575,0.26528433648103344,0.2701421117215626
HPDA034,human,pancreas,ductal adenocarcinoma,train_mean,1.6722188771879843e-07,,-1.011061681148219,0.26820293436859177,0.084509650587457,0.22510833333333333
HPXM007,human,pancreas,pancreas,coordinate,0.08979451925406462,0.08249492595044673,-0.332277424193162,0.3988658035990392,0.09676376055073993,0.2221653127565754
HPXM007,human,pancreas,pancreas,image,0.32374789777211843,0.2724827710174997,-0.07343603694913328,0.5049989319596857,0.2745947444844741,0.3768770107512137
HPXM007,human,pancreas,pancreas,spatial_knn,0.06793389249941198,0.07033384403224448,-0.19445450034225356,0.3125384577378951,0.1427182641026868,0.20999021125504486
HPXM007,human,pancreas,pancreas,train_mean,9.756018074695023e-08,,-0.6183408188363501,0.1414955193194424,0.022784019635630127,0.17771666666666663
HSDX009,human,skin,non-diseased section 1,coordinate,0.011250412073532052,0.010559452769793724,-1.4183433752111159,0.10859428753929704,0.08537424369249833,0.14628262544269374
HSDX009,human,skin,non-diseased section 1,image,0.321354492905084,0.2630302954664584,-0.419414790260198,0.3991597087482853,0.26526462337572937,0.3407602561756322
HSDX009,human,skin,non-diseased section 1,spatial_knn,0.102415203983969,0.10743122213089878,-0.28784930712310597,0.16763571698869834,0.1211726774380194,0.1710831359414021
HSDX009,human,skin,non-diseased section 1,train_mean,2.2340035004120294e-08,,-0.5604432796465062,0.1927901305593397,0.005860402184344875,0.13178749999999995
HSDX009_2,human,skin,non-diseased section 2,coordinate,0.152983440816497,0.1470856634775103,-0.3864958113001194,0.21935069089463016,0.06989958468014562,0.21107706484812394
HSDX009_2,human,skin,non-diseased section 2,image,0.3723561179783428,0.294243709338391,-0.007217178513965347,0.4386590261856529,0.26729243646102446,0.3626248659896719
HSDX009_2,human,skin,non-diseased section 2,spatial_knn,0.05904051100820078,0.06137575823198707,-0.7326020112982952,0.07465086952284862,0.06443016592299745,0.13759984644181883
HSDX009_2,human,skin,non-diseased section 2,train_mean,-7.786167632417575e-08,,-0.3104210710641328,0.10727248322116435,0.0,0.11573124999999998
HSPD012,human,skin,melanoma,coordinate,0.11340563527832268,0.10007771321098183,-8.505326620870619,0.28842550066522105,0.40863226046674267,0.4519633453010835
HSPD012,human,skin,melanoma,image,0.4580475474410923,0.3771495366172955,-0.12851796707822366,0.6000395946456228,0.5726648124916649,0.6061034231955833
HSPD012,human,skin,melanoma,spatial_knn,0.15082410658826115,0.12332292832431095,-0.8383851541625336,0.3463888789517339,0.44798578274572565,0.4417990351825214
HSPD012,human,skin,melanoma,train_mean,5.6147410689710856e-08,,-2.0486024344569547,0.2571497120251742,0.3902123770753825,0.36820624999999996
HTDX008,human,tonsil,reactive follicular hyperplasia,coordinate,0.0281329600195022,0.021999814615653826,-0.13863876396222619,0.28705431197598247,0.20568880343523743,0.33432343658705166
HTDX008,human,tonsil,reactive follicular hyperplasia,image,0.2938507235969883,0.24887392956014912,0.07229721734685877,0.4617236954774637,0.39895643298666805,0.46912190622739397
HTDX008,human,tonsil,reactive follicular hyperplasia,spatial_knn,0.018081556724429525,0.0107246449210999,-0.18366074749734249,0.27766615286500285,0.2901524489436945,0.32464732791589535
HTDX008,human,tonsil,reactive follicular hyperplasia,train_mean,2.6610278714163845e-07,,-0.019308622000062274,0.3676038145784574,0.16910411131250627,0.31453125
MBDC037,mouse,bone,femur,coordinate,0.12381569890312677,0.1279673739523868,-0.33913222326227693,0.22499554170844538,0.2956772687365704,0.385803001471851
MBDC037,mouse,bone,femur,image,0.030064965690349502,0.037212928987310566,-0.06288736441502119,0.17962505297594306,0.23979540340533628,0.31250842970812154
MBDC037,mouse,bone,femur,spatial_knn,0.055271425583996475,0.06125668679609608,-0.2934145597927272,0.13481196995650999,0.29670262781571316,0.3342503451653305
MBDC037,mouse,bone,femur,train_mean,1.8595494061930758e-07,,-0.047500310838659,0.16940585906964928,0.22202843590324367,0.2992208333333333
PCHM006,human,pancreas,pancreatic cancer,coordinate,0.08046042610949365,0.06933704751676265,-0.09556275958559123,0.44187982100121276,0.6249718618486773,0.5688717838381907
PCHM006,human,pancreas,pancreatic cancer,image,0.3662117096036672,0.34089070787268816,0.10366912142337238,0.5397277930599202,0.69377871817373,0.6915702354422217
PCHM006,human,pancreas,pancreatic cancer,spatial_knn,0.05144141436147035,0.046000624245263425,-0.1664007974016567,0.4020341264333076,0.5891094932924458,0.5639801356994814
PCHM006,human,pancreas,pancreatic cancer,train_mean,4.0982783922061117e-07,,-0.047697776230770574,0.4588556547576623,0.587505494966543,0.5450229166666667
PDHL031,human,lymph_node,reactive lymph node,coordinate,0.0433054268652631,0.0393221340964168,-0.04466326197070877,0.0775909209752851,0.0016256980576384,0.16354019097251082
PDHL031,human,lymph_node,reactive lymph node,image,0.14064221194945273,0.1310562785524295,0.007430762932635824,0.16444719461850935,0.02331451460731325,0.21178428937288102
PDHL031,human,lymph_node,reactive lymph node,spatial_knn,0.012761214765123425,0.01196365508128355,-0.1563424760755151,0.050157187560152444,0.045427341462359924,0.1545682964073543
PDHL031,human,lymph_node,reactive lymph node,train_mean,-2.7363710864640598e-08,,-0.013317399386926325,0.11540589937874293,0.0,0.14881666666666665
PDHP030,human,prostate,prostate,coordinate,-0.01537751553190905,-0.01911042217057395,-0.17042562579426884,0.1733973450663796,0.016971977531106224,0.1251180410380058
PDHP030,human,prostate,prostate,image,0.26266290977597234,0.24385994069649905,0.060079126447089924,0.2629986236447628,0.08279676073460043,0.27064802262692156
PDHP030,human,prostate,prostate,spatial_knn,0.024589988262499276,0.0254373968383023,-0.22019186334684487,0.11882199029494893,0.057119964698175575,0.13521418339939636
PDHP030,human,prostate,prostate,train_mean,1.3587538121941276e-08,,-0.01860399719070978,0.19165670482640235,0.0,0.12560833333333327
PDHS029,human,skin,skin,coordinate,-0.08643178295445678,-0.09220776212919152,-3.348772660484965,0.19135502597037574,0.22372847124499892,0.23496100680969934
PDHS029,human,skin,skin,image,0.28378849530906164,0.26005071455361994,-0.3179440377656046,0.31116130226270733,0.3686498706614492,0.40295214667806667
PDHS029,human,skin,skin,spatial_knn,0.03171214905830805,0.03021986515793945,-0.25702771198900165,0.20323502651529293,0.20742221571715228,0.2661410222281856
PDHS029,human,skin,skin,train_mean,-1.7188116120762472e-08,,-0.6934381019376066,0.24969292685173058,0.1374978692644132,0.2499053571428571
WMPP017,mouse,whole_pup,whole pup,coordinate,0.0605119669605483,0.05247468829978505,-7.933013698775903,0.2193795534018113,0.24218262325493528,0.31302937258576924
WMPP017,mouse,whole_pup,whole pup,image,0.3966113352187676,0.3102827564593623,-0.639932015165741,0.5717996772524522,0.4955818914113023,0.514106618916172
WMPP017,mouse,whole_pup,whole pup,spatial_knn,0.08240325229341139,0.07018530852837578,-0.6851879077078774,0.33812287730037843,0.3346416652631577,0.32215475614561273
WMPP017,mouse,whole_pup,whole pup,train_mean,2.3380555797457118e-08,,-0.46945136525729125,0.4083694103393755,0.26598254651744385,0.28484166666666666
WMPW025,mouse,whole_pup,whole pup,coordinate,0.0377570290333824,0.03311055470636612,-3.185394129490887,0.1194469699390999,0.07748310704102537,0.20521299541039115
WMPW025,mouse,whole_pup,whole pup,image,0.24601499880081973,0.20756571102409838,-0.23693830549425907,0.3475337139790381,0.21870121584876398,0.33103247225673244
WMPW025,mouse,whole_pup,whole pup,spatial_knn,0.04347060644420482,0.0411333581796343,-0.4851111701328773,0.13216066906604057,0.10767893782771251,0.19973725435490092
WMPW025,mouse,whole_pup,whole pup,train_mean,1.9877322330330584e-08,,-0.14511339146904104,0.23622040077960135,0.012814172927664201,0.18106874999999997
XTNL005,human,lung,lung cancer,coordinate,0.05383583946939323,0.053583609831541326,-0.3960444607251702,0.19478032745792911,0.21515043154878638,0.27576929207641315
XTNL005,human,lung,lung cancer,image,0.38986077458132057,0.3234548961034934,0.14227767887816298,0.35493636714952936,0.44392963806450014,0.48297187196308256
XTNL005,human,lung,lung cancer,spatial_knn,0.033124191317692744,0.03488258013660887,-0.19962252013385293,0.15076500245807195,0.27138879857977616,0.2675395741703105
XTNL005,human,lung,lung cancer,train_mean,1.4556958238820565e-09,,-0.13914998800968215,0.16743001486969675,0.1131091145709,0.25061666666666665
