sample,species,organ,condition,model,pearson_gene_macro,spearman_gene_macro,f1_gene_macro,auprc_gene_macro,n_genes
FFHO026,human,ovary,ovarian adenocarcinoma,coordinate,0.03618127796799087,0.0324270324090202,0.28252679807810466,0.3968984809911669,194.25
FFHO026,human,ovary,ovarian adenocarcinoma,image,0.28034914670369165,0.27175129710772095,0.41540594496685157,0.5011617488438312,194.25
FFHO026,human,ovary,ovarian adenocarcinoma,spatial_knn,0.025583379726723525,0.0245431488971302,0.37980258793707133,0.3954975623525423,194.25
FFHO026,human,ovary,ovarian adenocarcinoma,train_mean,-3.9310767046785724e-07,,0.26594704342070824,0.3847023172335606,194.25
FFMB028,mouse,brain,brain hemisphere,coordinate,0.0024589134047759004,0.003281924005408739,0.22859659350827477,0.3673380606536806,150.25
FFMB028,mouse,brain,brain hemisphere,image,0.33449702009183474,0.327110152877577,0.4578897345980114,0.5323013980698151,150.25
FFMB028,mouse,brain,brain hemisphere,spatial_knn,0.01582643516202785,0.013980224111407575,0.33701220960267436,0.3772538399154895,150.25
FFMB028,mouse,brain,brain hemisphere,train_mean,2.5544167121167246e-07,,0.20670887701221402,0.3702223877851361,150.25
FFMC016,mouse,colon,colon,coordinate,-0.059485978666154675,-0.06344460331181988,0.18208349432658497,0.23622530652697132,156.25
FFMC016,mouse,colon,colon,image,0.35965620810870624,0.322345517917804,0.33249372328689497,0.42710321823015657,156.25
FFMC016,mouse,colon,colon,spatial_knn,0.035504099375241,0.03548033578470955,0.22487607564681023,0.26460860518461693,156.25
FFMC016,mouse,colon,colon,train_mean,5.2746910959989556e-08,,0.16791557422543113,0.24671261846769643,156.25
HBCA041,human,breast,breast IDC,coordinate,0.03891215596207943,0.037859157773067975,0.1709765886289349,0.27158376934189843,180.25
HBCA041,human,breast,breast IDC,image,0.31842174728252354,0.3012123532432328,0.31554829886787883,0.42285787172252154,180.25
HBCA041,human,breast,breast IDC,spatial_knn,0.012681135532129125,0.01288657439766565,0.22467481532966121,0.2597761851693681,180.25
HBCA041,human,breast,breast IDC,train_mean,1.7581618485983418e-07,,0.1485057427054837,0.2524786440668036,180.25
HBCD036,human,brain,glioblastoma,coordinate,0.0161351285478184,0.01410113832587595,0.23204599733063605,0.30726072987040565,188.75
HBCD036,human,brain,glioblastoma,image,0.19350693951420952,0.16346179795643986,0.29071566882337324,0.37450130707116064,188.75
HBCD036,human,brain,glioblastoma,spatial_knn,0.0214715150880423,0.01950866530152215,0.25574300705929415,0.3089039145013922,188.75
HBCD036,human,brain,glioblastoma,train_mean,9.042109320296196e-08,,0.211445528035168,0.30181859251285226,188.75
HBCH024,human,breast,breast cancer,coordinate,0.04345029212354577,0.040350881312184596,0.000542854382615,0.04524535689489807,195.0
HBCH024,human,breast,breast cancer,image,0.15968876921456865,0.13046146790845126,0.018390629032975725,0.11018294952483132,195.0
HBCH024,human,breast,breast cancer,spatial_knn,0.0210334201791489,0.019539232594773102,0.009976556665752624,0.0375534884300272,195.0
HBCH024,human,breast,breast cancer,train_mean,-4.846795508795073e-08,,0.0,0.030969017094017053,195.0
HBES040,human,breast,breast IDC,coordinate,0.025855323294231923,0.022456599266987124,0.1633463211457627,0.2632817876718786,181.75
HBES040,human,breast,breast IDC,image,0.24594197372100374,0.23652132691762032,0.2453255674739122,0.36576135861924275,181.75
HBES040,human,breast,breast IDC,spatial_knn,0.02118675926924815,0.0195702250111058,0.21008688671398895,0.25998545842701826,181.75
HBES040,human,breast,breast IDC,train_mean,1.1286875269043957e-07,,0.12187296237245837,0.2502451151518831,181.75
HCCD035,human,colorectal,colorectal cancer,coordinate,0.028214192714389925,0.026360468303993474,0.1286058420855188,0.22934704035621467,180.25
HCCD035,human,colorectal,colorectal cancer,image,0.2660920753019308,0.24899108587148192,0.2228441747879779,0.3425025216882984,180.25
HCCD035,human,colorectal,colorectal cancer,spatial_knn,0.0382475782644266,0.038861990717077,0.18438017768131815,0.22940963400275552,180.25
HCCD035,human,colorectal,colorectal cancer,train_mean,1.0186595266773511e-07,,0.101309321285193,0.2113472414057704,180.25
HCCW027,human,cervix,cervical cancer,coordinate,0.011958745757215151,0.012758306343678149,0.000652367054354475,0.039852951276383525,162.75
HCCW027,human,cervix,cervical cancer,image,0.0985317954672856,0.08966575136435007,0.007548584812191625,0.073984690919756,162.75
HCCW027,human,cervix,cervical cancer,spatial_knn,0.007282561632259974,0.0070897962291646,0.00388854093850535,0.03606537218900473,162.75
HCCW027,human,cervix,cervical cancer,train_mean,1.1904525054532615e-09,,0.0,0.0336184110791985,162.75
HHDX011,human,heart,non-diseased,coordinate,0.01210785246110085,0.00803201481409605,0.041885540980121,0.12291605848328777,170.0
HHDX011,human,heart,non-diseased,image,0.1389804811998213,0.12227506852905459,0.0763156112240498,0.17418377034191526,170.0
HHDX011,human,heart,non-diseased,spatial_knn,0.005922467846921501,0.0046608522209506745,0.06050311684642345,0.11986967679233587,170.0
HHDX011,human,heart,non-diseased,train_mean,2.414830085434584e-08,,0.03312480739229692,0.1164248059841951,170.0
HKPD015,human,kidney,mixed kidney regions,coordinate,0.033676160572835304,0.0284203397321371,0.04152700939779015,0.14417264698119836,174.5
HKPD015,human,kidney,mixed kidney regions,image,0.19749411565903685,0.17424026320258898,0.11723121878331827,0.2334856228449,174.5
HKPD015,human,kidney,mixed kidney regions,spatial_knn,0.014903678406266451,0.01287380947971715,0.0691412029972799,0.1343776915277761,174.5
HKPD015,human,kidney,mixed kidney regions,train_mean,4.230791936001562e-08,,0.033982925310767624,0.12794889162561573,174.5
HLCD033,human,lung,lung cancer,coordinate,0.055373959162466,0.047156638766462325,0.16080961308870534,0.27437109143201627,184.75
HLCD033,human,lung,lung cancer,image,0.2761617191623569,0.23213308330797697,0.32312430282653676,0.3962193144863031,184.75
HLCD033,human,lung,lung cancer,spatial_knn,0.057672662039399074,0.055895286633011326,0.23773913793451024,0.2777252763066619,184.75
HLCD033,human,lung,lung cancer,train_mean,-9.424033493013674e-08,,0.128132193590095,0.2539115042352134,184.75
HLCX022,human,lung,lung cancer,coordinate,0.040123987342319326,0.03964944479587738,0.0263936971144353,0.13825032008325466,179.0
HLCX022,human,lung,lung cancer,image,0.18569517329405083,0.17593461963046592,0.09563813634289825,0.21340515383687775,179.0
HLCX022,human,lung,lung cancer,spatial_knn,0.025267268565062475,0.025017407144835923,0.08498704816362479,0.13205688861221088,179.0
HLCX022,human,lung,lung cancer,train_mean,-2.1395403028334814e-08,,0.02597856894375195,0.1208113652597893,179.0
HLDX010,human,liver,liver cancer,coordinate,0.019284512089210525,0.0132784043532415,0.09095615581806975,0.1659629184358518,176.0
HLDX010,human,liver,liver cancer,image,-0.000645652969121175,-0.00013136800518194996,0.08374464421232368,0.15623469369763748,176.0
HLDX010,human,liver,liver cancer,spatial_knn,0.003368423838334275,0.003743997546056175,0.09559851853633518,0.1571276985548724,176.0
HLDX010,human,liver,liver cancer,train_mean,5.969567430049272e-08,,0.08036876509540333,0.1543288352272727,176.0
HOCD032,human,ovary,ovarian cancer,coordinate,0.0818870296318098,0.08302876002839255,0.061973346563508155,0.16747120144435904,188.0
HOCD032,human,ovary,ovarian cancer,image,0.15809186463067157,0.15127483965067398,0.09488154033527324,0.20490960102870448,188.0
HOCD032,human,ovary,ovarian cancer,spatial_knn,0.05586916094556922,0.057232446111236124,0.09103730023587175,0.15009507963352103,188.0
HOCD032,human,ovary,ovarian cancer,train_mean,4.1044960998435304e-08,,0.03514582238915415,0.12949024822695032,188.0
HOCW023,human,ovary,ovarian cancer,coordinate,0.0412973638102882,0.0385234996614376,0.014722586071162,0.06943320548482627,195.0
HOCW023,human,ovary,ovarian cancer,image,0.11610669352971267,0.10953690615040718,0.019950976020155997,0.1098997530312584,195.0
HOCW023,human,ovary,ovarian cancer,spatial_knn,0.03827795278013995,0.038817973969290154,0.025203417732541276,0.0692402936279009,195.0
HOCW023,human,ovary,ovarian cancer,train_mean,6.707942349193445e-08,,0.0008670209674970001,0.05807959401709395,195.0
HPDA034,human,pancreas,ductal adenocarcinoma,coordinate,0.05679342159152225,0.051337106063776776,0.06664523559767832,0.1533269972400368,184.75
HPDA034,human,pancreas,ductal adenocarcinoma,image,0.20529878374369911,0.17716950860554276,0.13325753288352493,0.24149041246276173,184.75
HPDA034,human,pancreas,ductal adenocarcinoma,spatial_knn,0.046963758336673045,0.04753127545272067,0.0919798024360625,0.1485475462480494,184.75
HPDA034,human,pancreas,ductal adenocarcinoma,train_mean,-1.4470037572689231e-08,,0.020984608451475997,0.12937272020661963,184.75
HPXM007,human,pancreas,pancreas,coordinate,0.04017023717970303,0.03782586212702688,0.027422370682193352,0.11015544854010287,179.5
HPXM007,human,pancreas,pancreas,image,0.17974044642535109,0.15250020541844667,0.08353174659296987,0.19048481412496174,179.5
HPXM007,human,pancreas,pancreas,spatial_knn,0.02805543367179825,0.029299619709444374,0.044908189138287626,0.10285036927635655,179.5
HPXM007,human,pancreas,pancreas,train_mean,2.5771602681451975e-08,,0.006348517821147575,0.09114006745326972,179.5
HSDX009,human,skin,non-diseased section 1,coordinate,-0.003926525173784175,-0.003808923067599425,0.02374992218203988,0.07126822947140125,176.0
HSDX009,human,skin,non-diseased section 1,image,0.18596941050395266,0.15607029845460396,0.08007702351930171,0.16909743777716582,176.0
HSDX009,human,skin,non-diseased section 1,spatial_knn,0.045755096986727445,0.04827899573453015,0.03561260490368823,0.07911445379133637,176.0
HSDX009,human,skin,non-diseased section 1,train_mean,-1.4159406773521739e-08,,0.00104475043899375,0.06465905636265802,176.0
HSDX009_2,human,skin,non-diseased section 2,coordinate,0.06870040201724675,0.06659880239936063,0.019085228091736677,0.0827343748161432,177.25
HSDX009_2,human,skin,non-diseased section 2,image,0.17585837079037628,0.1458263467040731,0.06820382251912212,0.14537357442179832,177.25
HSDX009_2,human,skin,non-diseased section 2,spatial_knn,0.022114678837001776,0.02276761947990815,0.017000605887547374,0.05551012089395075,177.25
HSDX009_2,human,skin,non-diseased section 2,train_mean,-3.4900218235310635e-08,,0.0,0.04876293811583065,177.25
HSPD012,human,skin,melanoma,coordinate,0.0820553655438028,0.07634124376209322,0.2005193520833972,0.29702938522126054,188.25
HSPD012,human,skin,melanoma,image,0.3482587322912371,0.29106288230056154,0.3530385621495896,0.44481103572500225,188.25
HSPD012,human,skin,melanoma,spatial_knn,0.07787881874910238,0.06950773840168287,0.22376938739630314,0.28345190072490944,188.25
HSPD012,human,skin,melanoma,train_mean,1.3646266291292556e-07,,0.1123698294983006,0.2459847695973582,188.25
HTDX008,human,tonsil,reactive follicular hyperplasia,coordinate,0.020260434655633826,0.017770416401322476,0.05632805196280245,0.16623188799280822,185.75
HTDX008,human,tonsil,reactive follicular hyperplasia,image,0.2041915702190139,0.16340281951435945,0.148153804002411,0.2591350877286269,185.75
HTDX008,human,tonsil,reactive follicular hyperplasia,spatial_knn,0.009036372875653476,0.007099348708677875,0.08792424688043338,0.15483776407015476,185.75
HTDX008,human,tonsil,reactive follicular hyperplasia,train_mean,6.4580984074066e-08,,0.0414822188573916,0.14918440612996686,185.75
MBDC037,mouse,bone,femur,coordinate,0.05906158925515713,0.05926912588806237,0.07581191441009545,0.19176676557476843,156.5
MBDC037,mouse,bone,femur,image,0.010926806508498919,0.014178204136652835,0.049817831160141005,0.16015293548670786,156.5
MBDC037,mouse,bone,femur,spatial_knn,0.029529454222427073,0.0315471981506735,0.10772999434516518,0.17119210089914894,156.5
MBDC037,mouse,bone,femur,train_mean,1.4842746916686175e-08,,0.044337540639516074,0.15483020816320972,156.5
PCHM006,human,pancreas,pancreatic cancer,coordinate,0.0809697883700547,0.07016514666787518,0.20433639249633473,0.3091863551245776,188.5
PCHM006,human,pancreas,pancreatic cancer,image,0.26829380034451766,0.2396065061368431,0.2908843693760971,0.40472233325210827,188.5
PCHM006,human,pancreas,pancreatic cancer,spatial_knn,0.04393695531446682,0.037015756570952824,0.22260535171018744,0.2930707942592627,188.5
PCHM006,human,pancreas,pancreatic cancer,train_mean,8.141997091352163e-08,,0.15864715305465726,0.276430034311794,188.5
PDHL031,human,lymph_node,reactive lymph node,coordinate,0.028456166525051726,0.025860981887757675,0.00033407802736305,0.10339905110924838,168.25
PDHL031,human,lymph_node,reactive lymph node,image,0.0901085197332042,0.08544356471557316,0.007232751144491725,0.12977432924057186,168.25
PDHL031,human,lymph_node,reactive lymph node,spatial_knn,0.00854445305718235,0.008361397478530075,0.012828463039592074,0.09717986178386767,168.25
PDHL031,human,lymph_node,reactive lymph node,train_mean,-6.561189482008015e-08,,0.0,0.09376982292547192,168.25
PDHP030,human,prostate,prostate,coordinate,-0.0087213414193298,-0.01126648581088385,0.005321073734464175,0.06747404292838563,159.0
PDHP030,human,prostate,prostate,image,0.15013031528473034,0.14132434142650885,0.02507218267210805,0.13671983916103223,159.0
PDHP030,human,prostate,prostate,spatial_knn,0.011490581261046325,0.011960148175797826,0.0176619330311492,0.07077864586414243,159.0
PDHP030,human,prostate,prostate,train_mean,3.227731962017339e-08,,0.0,0.0666960212289029,159.0
PDHS029,human,skin,skin,coordinate,-0.056555670326463324,-0.06021344799273275,0.0623209752080244,0.1320579595378341,199.0
PDHS029,human,skin,skin,image,0.1786657371150572,0.1608715799619803,0.10967124056007659,0.22902730312207942,199.0
PDHS029,human,skin,skin,spatial_knn,0.015217429766644799,0.01552131872432475,0.0658555217363018,0.14704643802224157,199.0
PDHS029,human,skin,skin,train_mean,7.596233153785013e-08,,0.034539585260147526,0.1392420477054585,199.0
WMPP017,mouse,whole_pup,whole pup,coordinate,0.04812575573662532,0.0429290425555549,0.13483705440347088,0.1984357961659531,144.75
WMPP017,mouse,whole_pup,whole pup,image,0.28580128516458714,0.21537616523829897,0.3107268371132765,0.3440368886864314,144.75
WMPP017,mouse,whole_pup,whole pup,spatial_knn,0.06195436666188923,0.05330080087370787,0.1881753800318028,0.201419523429839,144.75
WMPP017,mouse,whole_pup,whole pup,train_mean,2.1386028370874838e-08,,0.08748533478910765,0.1736467164026854,144.75
WMPW025,mouse,whole_pup,whole pup,coordinate,0.03685649498294893,0.03271483772896827,0.020572483818184,0.12734289416014194,197.25
WMPW025,mouse,whole_pup,whole pup,image,0.14768391226250374,0.1265800352616201,0.06359075858693905,0.18968788150415106,197.25
WMPW025,mouse,whole_pup,whole pup,spatial_knn,0.027543632527732398,0.0266100094376219,0.03546801233204462,0.12008065443122161,197.25
WMPW025,mouse,whole_pup,whole pup,train_mean,-1.9015684717526346e-08,,0.00324795675730585,0.10992523853167885,197.25
XTNL005,human,lung,lung cancer,coordinate,0.0443138453320756,0.0428423007737722,0.06903834876556215,0.17574702320985272,185.25
XTNL005,human,lung,lung cancer,image,0.256730889338493,0.21541848349386164,0.20166676995947969,0.30087298324609035,185.25
XTNL005,human,lung,lung cancer,spatial_knn,0.023661143642664827,0.025899198511249878,0.12010671541547133,0.16553245783785003,185.25
XTNL005,human,lung,lung cancer,train_mean,-2.1588375546235085e-08,,0.027311191679097027,0.15490769541206592,185.25
